08/18/2015 15:54:30,message,Fetched CSV file values.,Main,Navigation_AdditionAndDeletion
09/01/2015 13:07:57,message,Fetched CSV file values.,Main,Navigation_AdditionAndDeletion
09/10/2015 19:58:31,message,Fetched CSV file values.,Main,Navigation_AdditionAndDeletion
09/11/2015 00:19:58,message,Fetched CSV file values.,Main,Navigation_AdditionAndDeletion
09/24/2015 13:50:53,message,Fetched CSV file values.,Main,Navigation_AdditionAndDeletion
09/24/2015 18:07:08,message,Fetched CSV file values.,Main,Navigation_AdditionAndDeletion
