<?xml version="1.0" encoding="utf-8"?>
<Webapplication URL="http://IN-KA-DC-PECMW1">
  <ManagedPaths>
    <Path Name="/" Type="ExplicitInclusion">
      <SiteCollection>
        <Name>eFileManager</Name>
        <Title>eFile Manager</Title>
        <Description>eFile Manager site</Description>
        <WebTemplate>CMSPUBLISHING#0</WebTemplate>
        <LanguageID>1033</LanguageID>
        <PrimaryOwner>
          <ID>lvgi\Ecmadmin</ID>
          <Name></Name>
        </PrimaryOwner>
        <SecondaryOwner>
          <ID>lvgi\N0258124</ID>
          <Name></Name>
        </SecondaryOwner>
        <Features>
          <Feature Name=""/>
        </Features>
      </SiteCollection>
    </Path>
    <Path Name="sites" Type="Wildcard inclusion">
      <SiteCollection>
        <Name>SearchCenter</Name>
        <Title>Search Center</Title>
        <Description>ECM Search Center</Description>
        <WebTemplate>SRCHCEN#0</WebTemplate>
        <LanguageID>1033</LanguageID>
        <PrimaryOwner>
          <ID>lvgi\Ecmadmin</ID>
          <Name></Name>
        </PrimaryOwner>
        <SecondaryOwner>
          <ID>lvgi\N0258124</ID>
          <Name></Name>
        </SecondaryOwner>
        <Features>
          <Feature Name=""/>
        </Features>
      </SiteCollection>
    </Path>
    <Path Name="sites" Type="Wildcard inclusion">
      <SiteCollection>
        <Name>help</Name>
        <Title>Help</Title>
        <Description>Online Help</Description>
        <WebTemplate>CMSPUBLISHING#0</WebTemplate>
        <LanguageID>1033</LanguageID>
        <PrimaryOwner>
          <ID>lvgi\Ecmadmin</ID>
          <Name></Name>
        </PrimaryOwner>
        <SecondaryOwner>
          <ID>lvgi\N0258124</ID>
          <Name></Name>
        </SecondaryOwner>
        <Features>
          <Feature Name=""/>
        </Features>
      </SiteCollection>
    </Path>
    <Path Name="in" Type="Wildcard inclusion">
      <SiteCollection>
        <Name>FIRE</Name>
        <Title>FIRE</Title>
        <Description>India FIRE Underwriters</Description>
        <WebTemplate>BDR#0</WebTemplate>
        <LanguageID>1033</LanguageID>
        <PrimaryOwner>
          <ID>lvgi\Ecmadmin</ID>
          <Name></Name>
        </PrimaryOwner>
        <SecondaryOwner>
          <ID>lvgi\N0258124</ID>
          <Name></Name>
        </SecondaryOwner>
        <Features>
          <Feature Name="7c637b23-06c4-472d-9a9a-7c175762c5c4" Action="Disable"/>
        </Features>
      </SiteCollection>
    </Path>
    <Path Name="in" Type="Wildcard inclusion">
      <SiteCollection>
        <Name>ENGG</Name>
        <Title>ENGG</Title>
        <Description>India ENGG Underwriters</Description>
        <WebTemplate>BDR#0</WebTemplate>
        <LanguageID>1033</LanguageID>
        <PrimaryOwner>
          <ID>lvgi\Ecmadmin</ID>
          <Name></Name>
        </PrimaryOwner>
        <SecondaryOwner>
          <ID>lvgi\N0258124</ID>
          <Name></Name>
        </SecondaryOwner>
        <Features>
          <Feature Name="7c637b23-06c4-472d-9a9a-7c175762c5c4" Action="Disable"/>
        </Features>
      </SiteCollection>
    </Path>
    <Path Name="in" Type="Wildcard inclusion">
      <SiteCollection>
        <Name>MISC</Name>
        <Title>MISC</Title>
        <Description>India MISC Underwriters</Description>
        <WebTemplate>BDR#0</WebTemplate>
        <LanguageID>1033</LanguageID>
        <PrimaryOwner>
          <ID>lvgi\Ecmadmin</ID>
          <Name></Name>
        </PrimaryOwner>
        <SecondaryOwner>
          <ID>lvgi\N0258124</ID>
          <Name></Name>
        </SecondaryOwner>
        <Features>
          <Feature Name="7c637b23-06c4-472d-9a9a-7c175762c5c4" Action="Disable"/>
        </Features>
      </SiteCollection>
    </Path>
    <Path Name="in" Type="Wildcard inclusion">
      <SiteCollection>
        <Name>MARINE_CARGO</Name>
        <Title>MARINE_CARGO</Title>
        <Description>India MARINE_CARGO Underwriters</Description>
        <WebTemplate>BDR#0</WebTemplate>
        <LanguageID>1033</LanguageID>
        <PrimaryOwner>
          <ID>lvgi\Ecmadmin</ID>
          <Name></Name>
        </PrimaryOwner>
        <SecondaryOwner>
          <ID>lvgi\N0258124</ID>
          <Name></Name>
        </SecondaryOwner>
        <Features>
          <Feature Name="7c637b23-06c4-472d-9a9a-7c175762c5c4" Action="Disable"/>
        </Features>
      </SiteCollection>
    </Path>
    <Path Name="in" Type="Wildcard inclusion">
      <SiteCollection>
        <Name>Liability</Name>
        <Title>Liability</Title>
        <Description>India Liability Underwriters</Description>
        <WebTemplate>BDR#0</WebTemplate>
        <LanguageID>1033</LanguageID>
        <PrimaryOwner>
          <ID>lvgi\Ecmadmin</ID>
          <Name></Name>
        </PrimaryOwner>
        <SecondaryOwner>
          <ID>lvgi\N0258124</ID>
          <Name></Name>
        </SecondaryOwner>
        <Features>
          <Feature Name="7c637b23-06c4-472d-9a9a-7c175762c5c4" Action="Disable"/>
        </Features>
      </SiteCollection>
    </Path>
    <Path Name="in" Type="Wildcard inclusion">
      <SiteCollection>
        <Name>Personal_Accident</Name>
        <Title>Personal_Accident</Title>
        <Description>India Personal_Accident Underwriters</Description>
        <WebTemplate>BDR#0</WebTemplate>
        <LanguageID>1033</LanguageID>
        <PrimaryOwner>
          <ID>lvgi\Ecmadmin</ID>
          <Name></Name>
        </PrimaryOwner>
        <SecondaryOwner>
          <ID>lvgi\N0258124</ID>
          <Name></Name>
        </SecondaryOwner>
        <Features>
          <Feature Name="7c637b23-06c4-472d-9a9a-7c175762c5c4" Action="Disable"/>
        </Features>
      </SiteCollection>
    </Path>
    <Path Name="in" Type="Wildcard inclusion">
      <SiteCollection>
        <Name>Health</Name>
        <Title>Health</Title>
        <Description>India Health Underwriters</Description>
        <WebTemplate>BDR#0</WebTemplate>
        <LanguageID>1033</LanguageID>
        <PrimaryOwner>
          <ID>lvgi\Ecmadmin</ID>
          <Name></Name>
        </PrimaryOwner>
        <SecondaryOwner>
          <ID>lvgi\N0258124</ID>
          <Name></Name>
        </SecondaryOwner>
        <Features>
          <Feature Name="7c637b23-06c4-472d-9a9a-7c175762c5c4" Action="Disable"/>
        </Features>
      </SiteCollection>
    </Path>
    <Path Name="in" Type="Wildcard inclusion">
      <SiteCollection>
        <Name>Motor</Name>
        <Title>Motor</Title>
        <Description>India Motor Underwriters</Description>
        <WebTemplate>BDR#0</WebTemplate>
        <LanguageID>1033</LanguageID>
        <PrimaryOwner>
          <ID>lvgi\Ecmadmin</ID>
          <Name></Name>
        </PrimaryOwner>
        <SecondaryOwner>
          <ID>lvgi\N0258124</ID>
          <Name></Name>
        </SecondaryOwner>
        <Features>
          <Feature Name="7c637b23-06c4-472d-9a9a-7c175762c5c4" Action="Disable"/>
        </Features>
      </SiteCollection>
    </Path>
 </ManagedPaths>
</Webapplication>