﻿<?xml version="1.0" encoding="utf-8"?>
<Elements xmlns="http://schemas.microsoft.com/sharepoint/">
  <Module Name="HelpLayout" Url="_catalogs/masterpage">
    <File Path="HelpLayout\Help.aspx" Url="Help.aspx" Type="GhostableInLibrary" Level="Published" ReplaceContent="TRUE"  >
      <!-- Page Layout Options -->
      <Property Name="ContentTypeId" Value="0x01010007FF3E057FA8AB4AA42FCB67B453FFC100E214EEE741181F4E9F7ACC43278EE8110003D357F861E29844953D5CAA1D4D8A3" />
      <Property Name="UIVersion" Value="15" />
      <Property Name="ContentType" Value="Page Layout" />
      <Property Name="_ModerationStatus" Value="0" />
      <Property Name="FSObjType" Value="0" />
      <Property Name="PublishingAssociatedContentType" Value=";#Article Page;#0x010100C568DB52D9D0A14D9B2FDCC96666E9F2007948130EC3DB064584E219954237AF3900242457EFB8B24247815D688C526CD44D;#"/>
      <!-- Specific Options -->
      <Property Name="Title" Value="Help" />
      <Property Name="PageDescription" Value="The ECM Help Page Layout." />
    </File>
    <File Path="HelpLayout\Help.html" Url="Help.html" Type="GhostableInLibrary" Level="Published" ReplaceContent="TRUE"  >
      <!-- Page Layout Options -->
      <Property Name="ContentTypeId" Value="0x01010007FF3E057FA8AB4AA42FCB67B453FFC100E214EEE741181F4E9F7ACC43278EE8110003D357F861E29844953D5CAA1D4D8A3B" />
      <Property Name="UIVersion" Value="15" />
      <Property Name="ContentType" Value="Html Page Layout" />
      <Property Name="_ModerationStatus" Value="0" />
      <Property Name="FSObjType" Value="0" />
      <Property Name="PublishingAssociatedContentType" Value=";#Article Page;#0x010100C568DB52D9D0A14D9B2FDCC96666E9F2007948130EC3DB064584E219954237AF3900242457EFB8B24247815D688C526CD44D;#"/>
      <!-- Specific Options -->
      <Property Name="Title" Value="Help" />
      <Property Name="PageDescription" Value="The ECM Help Page Layout." />
    </File>
  </Module>
</Elements>