﻿<?xml version="1.0" encoding="utf-8"?>
<Elements xmlns="http://schemas.microsoft.com/sharepoint/">
  <Module Name="StyleLibrary" Url="Style Library">
    <File Path="StyleLibrary\ECM\css\ecm_2col.css" Url="ECM/css/ecm_2col.css" Type="GhostableInLibrary" Level="Published" ReplaceContent="TRUE" />
    <File Path="StyleLibrary\ECM\css\ecm_main.css" Url="ECM/css/ecm_main.css" Type="GhostableInLibrary" Level="Published" ReplaceContent="TRUE" />
    <File Path="StyleLibrary\ECM\css\ecm_multidocmodal.css" Url="ECM/css/ecm_multidocmodal.css" Type="GhostableInLibrary" Level="Published" ReplaceContent="TRUE" />
    <File Path="StyleLibrary\ECM\css\ecm_results.css" Url="ECM/css/ecm_results.css" Type="GhostableInLibrary" Level="Published" ReplaceContent="TRUE" />
    <File Path="StyleLibrary\ECM\css\normalize.css" Url="ECM/css/normalize.css" Type="GhostableInLibrary" Level="Published" ReplaceContent="TRUE" />
    <File Path="StyleLibrary\ECM\css\refinement.css" Url="ECM/css/refinement.css" Type="GhostableInLibrary" Level="Published" ReplaceContent="TRUE" />
    <File Path="StyleLibrary\ECM\images\ecm-efilelogo.png" Url="ECM/images/ecm-efilelogo.png" Type="GhostableInLibrary" Level="Published" ReplaceContent="TRUE" />
    <File Path="StyleLibrary\ECM\images\ecm-footerlogo.png" Url="ECM/images/ecm-footerlogo.png" Type="GhostableInLibrary" Level="Published" ReplaceContent="TRUE" />
    <File Path="StyleLibrary\ECM\images\ecm-icons.png" Url="ECM/images/ecm-icons.png" Type="GhostableInLibrary" Level="Published" ReplaceContent="TRUE" />
    <File Path="StyleLibrary\ECM\images\ecm-logo.png" Url="ECM/images/ecm-logo.png" Type="GhostableInLibrary" Level="Published" ReplaceContent="TRUE" />
    <File Path="StyleLibrary\ECM\images\ecm-navigation-sel.png" Url="ECM/images/ecm-navigation-sel.png" Type="GhostableInLibrary" Level="Published" ReplaceContent="TRUE" />
    <File Path="StyleLibrary\ECM\images\eFileIcon.png" Url="ECM/images/eFileIcon.png" Type="GhostableInLibrary" Level="Published" ReplaceContent="TRUE" />
    <File Path="StyleLibrary\ECM\images\GreyStar.png" Url="ECM/images/GreyStar.png" Type="GhostableInLibrary" Level="Published" ReplaceContent="TRUE" />
    <File Path="StyleLibrary\ECM\images\leftsmall.png" Url="ECM/images/leftsmall.png" Type="GhostableInLibrary" Level="Published" ReplaceContent="TRUE" />
    <File Path="StyleLibrary\ECM\images\lock.png" Url="ECM/images/lock.png" Type="GhostableInLibrary" Level="Published" ReplaceContent="TRUE" />
    <File Path="StyleLibrary\ECM\images\rightsmall.png" Url="ECM/images/rightsmall.png" Type="GhostableInLibrary" Level="Published" ReplaceContent="TRUE" />
    <File Path="StyleLibrary\ECM\images\spotlight.png" Url="ECM/images/spotlight.png" Type="GhostableInLibrary" Level="Published" ReplaceContent="TRUE" />
    <File Path="StyleLibrary\ECM\images\wb-footerlogo.png" Url="ECM/images/wb-footerlogo.png"  Type="GhostableInLibrary" Level="Published" ReplaceContent="TRUE" />
    <File Path="StyleLibrary\ECM\images\wb-footerlogo1.png" Url="ECM/images/wb-footerlogo1.png" Type="GhostableInLibrary" Level="Published" ReplaceContent="TRUE" />
    <File Path="StyleLibrary\ECM\images\wb-icons.png" Url="ECM/images/wb-icons.png" Type="GhostableInLibrary" Level="Published" ReplaceContent="TRUE" />
    <File Path="StyleLibrary\ECM\images\wb-navigation-sel.png" Url="ECM/images/wb-navigation-sel.png" Type="GhostableInLibrary" Level="Published" ReplaceContent="TRUE" />
    <File Path="StyleLibrary\ECM\images\wb-wblogo.png" Url="ECM/images/wb-wblogo.png" Type="GhostableInLibrary" Level="Published" ReplaceContent="TRUE" />
    <File Path="StyleLibrary\ECM\images\wb-wblogo1.png" Url="ECM/images/wb-wblogo1.png" Type="GhostableInLibrary" Level="Published" ReplaceContent="TRUE" />
    <File Path="StyleLibrary\ECM\images\wb-wblogo2.png" Url="ECM/images/wb-wblogo2.png" Type="GhostableInLibrary" Level="Published" ReplaceContent="TRUE" />
    <File Path="StyleLibrary\ECM\scripts\ecm_efile_callout.js" Url="ECM/scripts/ecm_efile_callout.js" Type="GhostableInLibrary" Level="Published" ReplaceContent="TRUE" />
    <File Path="StyleLibrary\ECM\scripts\ecm_init.js" Url="ECM/scripts/ecm_init.js" Type="GhostableInLibrary" Level="Published" ReplaceContent="TRUE" />
    <File Path="StyleLibrary\ECM\scripts\jquery-1.10.2.min.js" Url="ECM/scripts/jquery-1.10.2.min.js" Type="GhostableInLibrary" Level="Published" ReplaceContent="TRUE" />
    <File Path="StyleLibrary\ECM\scripts\ecm_LibertyUtils.js" Url="ECM/scripts/ecm_LibertyUtils.js" Type="GhostableInLibrary" Level="Published" ReplaceContent="TRUE" />
    <File Path="StyleLibrary\ECM\scripts\jquery-ui.min.js" Url="ECM/scripts/jquery-ui.min.js" Type="GhostableInLibrary" Level="Published" ReplaceContent="TRUE"  />
    <File Path="StyleLibrary\ECM\scripts\knockout-2.2.1.js" Url="ECM/scripts/knockout-2.2.1.js" Type="GhostableInLibrary" Level="Published" ReplaceContent="TRUE"  />
    <File Path="StyleLibrary\ECM\scripts\dataTables.getColumnData.js" Url="ECM/scripts/dataTables.getColumnData.js" Type="GhostableInLibrary" Level="Published" ReplaceContent="TRUE"  />
    <File Path="StyleLibrary\ECM\scripts\jquery.dataTables.js" Url="ECM/scripts/jquery.dataTables.js" Type="GhostableInLibrary" Level="Published" ReplaceContent="TRUE"  />
    <File Path="StyleLibrary\ECM\scripts\ecm_EntityDocuments.js" Url="ECM/scripts/ecm_EntityDocuments.js" Type="GhostableInLibrary" Level="Published" ReplaceContent="TRUE"  />
    <File Path="StyleLibrary\ECM\scripts\clienttemplates.js" Url="ECM/scripts/clienttemplates.js" Type="GhostableInLibrary" Level="Published" ReplaceContent="TRUE"  />
    <File Path="StyleLibrary\ECM\images\sort-down.png" Url="ECM/images/sort-down.png" Type="GhostableInLibrary" Level="Published" ReplaceContent="TRUE" />
    <File Path="StyleLibrary\ECM\images\ecm-expand.png" Url="ECM/images/ecm-expand.png" Type="GhostableInLibrary" Level="Published" ReplaceContent="TRUE" />
    <File Path="StyleLibrary\ECM\images\ecm-collapse.png" Url="ECM/images/ecm-collapse.png" Type="GhostableInLibrary" Level="Published" ReplaceContent="TRUE" />
    <File Path="StyleLibrary\ECM\images\ecm-entity-sel.png" Url="ECM/images/ecm-entity-sel.png" Type="GhostableInLibrary" Level="Published" ReplaceContent="TRUE" />
    <File Path="StyleLibrary\ECM\images\lock-o.png" Url="ECM/images/lock-o.png" Type="GhostableInLibrary" Level="Published" ReplaceContent="TRUE" />
    <File Path="StyleLibrary\ECM\images\btnclose.png" Url="ECM/images/btnclose.png" Type="GhostableInLibrary" Level="Published" ReplaceContent="TRUE" />
    <File Path="StyleLibrary\ECM\images\claim.png" Url="ECM/images/claim.png" Type="GhostableInLibrary" Level="Published" ReplaceContent="TRUE" />
    <File Path="StyleLibrary\ECM\images\claimGrey.png" Url="ECM/images/claimGrey.png" Type="GhostableInLibrary" Level="Published" ReplaceContent="TRUE" />
    <File Path="StyleLibrary\ECM\scripts\ecm_mynewefiles.js" Url="ECM/scripts/ecm_mynewefiles.js"  Type="GhostableInLibrary" Level="Published" ReplaceContent="TRUE" />
    <File Path="StyleLibrary\ECM\css\jquery-ui.css" Url="ECM/css/jquery-ui.css" Type="GhostableInLibrary" Level="Published" ReplaceContent="TRUE" />
    <File Path="StyleLibrary\ECM\images\ui-icons_222222_256x240.png" Url="ECM/images/ui-icons_222222_256x240.png" Type="GhostableInLibrary" Level="Published" ReplaceContent="TRUE" />
    <File Path="StyleLibrary\ECM\images\ecm-myteamlogo.png" Url="ECM/images/ecm-myteamlogo.png" Type="GhostableInLibrary" Level="Published" ReplaceContent="TRUE" />
    <File Path="StyleLibrary\ECM\images\notes-o.jpg" Url="ECM/images/notes-o.jpg" Type="GhostableInLibrary" Level="Published" ReplaceContent="TRUE" />
    <File Path="StyleLibrary\ECM\images\notes.jpg" Url="ECM/images/notes.jpg" Type="GhostableInLibrary" Level="Published" ReplaceContent="TRUE" />
    <File Path="StyleLibrary\ECM\images\icgenblue.png" Url="ECM/images/icgenblue.png" Type="GhostableInLibrary" Level="Published" ReplaceContent="TRUE" />
    <File Path="StyleLibrary\ECM\scripts\ecm_LibertyUtils.min.js.map" Url="ECM/scripts/ecm_LibertyUtils.min.js.map" Level="Published" ReplaceContent="TRUE" />
    <File Path="StyleLibrary\ECM\scripts\ecm_LibertyUtils.min.js" Url="ECM/scripts/ecm_LibertyUtils.min.js" Level="Published" ReplaceContent="TRUE" />
    <File Path="StyleLibrary\ECM\scripts\ecm_EntityDocuments.min.js.map" Url="ECM/scripts/ecm_EntityDocuments.min.js.map" Level="Published" ReplaceContent="TRUE"/>
    <File Path="StyleLibrary\ECM\scripts\ecm_EntityDocuments.min.js" Url="ECM/scripts/ecm_EntityDocuments.min.js" Level="Published" ReplaceContent="TRUE"/>
    <File Path="StyleLibrary\ECM\scripts\ecm_efile_callout.min.js.map" Url="ECM/scripts/ecm_efile_callout.min.js.map" Level="Published" ReplaceContent="TRUE"/>
    <File Path="StyleLibrary\ECM\scripts\ecm_efile_callout.min.js" Url="ECM/scripts/ecm_efile_callout.min.js" Level="Published" ReplaceContent="TRUE"/>
    <File Path="StyleLibrary\ECM\scripts\ecm_init.min.js.map" Url="ECM/scripts/ecm_init.min.js.map" Level="Published" ReplaceContent="TRUE"/>
    <File Path="StyleLibrary\ECM\scripts\ecm_init.min.js" Url="ECM/scripts/ecm_init.min.js" Level="Published" ReplaceContent="TRUE"/>
    <File Path="StyleLibrary\ECM\scripts\ecm_mynewefiles.min.js.map" Url="ECM/scripts/ecm_mynewefiles.min.js.map" Level="Published" ReplaceContent="TRUE"/>
    <File Path="StyleLibrary\ECM\scripts\ecm_mynewefiles.min.js" Url="ECM/scripts/ecm_mynewefiles.min.js" Level="Published" ReplaceContent="TRUE"/>
    <File Path="StyleLibrary\ECM\css\ecm_2col.min.css" Url="ECM/css/ecm_2col.min.css" Level="Published" ReplaceContent="TRUE"/>
    <File Path="StyleLibrary\ECM\css\ecm_main.min.css" Url="ECM/css/ecm_main.min.css" Level="Published" ReplaceContent="TRUE"/>
    <File Path="StyleLibrary\ECM\css\ecm_multidocmodal.min.css" Url="ECM/css/ecm_multidocmodal.min.css" Level="Published" ReplaceContent="TRUE"/>
    <File Path="StyleLibrary\ECM\css\ecm_results.min.css" Url="ECM/css/ecm_results.min.css" Level="Published" ReplaceContent="TRUE"/>
    <File Path="StyleLibrary\ECM\css\jquery-ui.min.css" Url="ECM/css/jquery-ui.min.css" Level="Published" ReplaceContent="TRUE"/>
    <File Path="StyleLibrary\ECM\css\normalize.min.css" Url="ECM/css/normalize.min.css" Level="Published" ReplaceContent="TRUE"/>
    <File Path="StyleLibrary\ECM\css\refinement.min.css" Url="ECM/css/refinement.min.css" Level="Published" ReplaceContent="TRUE"/>
    <File Path="StyleLibrary\ECM\appCache\lmgs.appcache" Url="ECM/appCache/lmgs.appcache" Level="Published" ReplaceContent="TRUE"/>
    <File Path="StyleLibrary\ECM\css\images\ui-bg_flat_75_ffffff_40x100.png" Url="ECM/css/images/ui-bg_flat_75_ffffff_40x100.png" Level="Published" ReplaceContent="TRUE"/>
    <File Path="StyleLibrary\ECM\css\images\ui-bg_glass_55_fbf9ee_1x400.png" Url="ECM/css/images/ui-bg_glass_55_fbf9ee_1x400.png" Level="Published" ReplaceContent="TRUE"/>
    <File Path="StyleLibrary\ECM\css\images\ui-bg_glass_75_dadada_1x400.png" Url="ECM/css/images/ui-bg_glass_75_dadada_1x400.png" Level="Published" ReplaceContent="TRUE"/>
    <File Path="StyleLibrary\ECM\css\images\ui-bg_glass_75_e6e6e6_1x400.png" Url="ECM/css/images/ui-bg_glass_75_e6e6e6_1x400.png" Level="Published" ReplaceContent="TRUE"/>
    <File Path="StyleLibrary\ECM\css\images\ui-bg_highlight-soft_75_cccccc_1x100.png" Url="ECM/css/images/ui-bg_highlight-soft_75_cccccc_1x100.png" Level="Published" ReplaceContent="TRUE"/>
    <File Path="StyleLibrary\ECM\css\images\ui-bg_flat_0_aaaaaa_40x100.png" Url="ECM/css/images/ui-bg_flat_0_aaaaaa_40x100.png" Level="Published" ReplaceContent="TRUE"/>
    <File Path="StyleLibrary\ECM\css\images\ui-icons_2e83ff_256x240.png" Url="ECM/css/images/ui-icons_2e83ff_256x240.png" Level="Published" ReplaceContent="TRUE"/>
    <File Path="StyleLibrary\ECM\css\images\ui-icons_222222_256x240.png" Url="ECM/css/images/ui-icons_222222_256x240.png" Level="Published" ReplaceContent="TRUE"/>
    <File Path="StyleLibrary\ECM\css\images\ui-icons_454545_256x240.png" Url="ECM/css/images/ui-icons_454545_256x240.png" Level="Published" ReplaceContent="TRUE"/>
    <File Path="StyleLibrary\ECM\css\images\ui-icons_888888_256x240.png" Url="ECM/css/images/ui-icons_888888_256x240.png" Level="Published" ReplaceContent="TRUE"/>
    <File Path="StyleLibrary\ECM\css\images\ui-icons_cd0a0a_256x240.png" Url="ECM/css/images/ui-icons_cd0a0a_256x240.png" Level="Published" ReplaceContent="TRUE"/>
    <File Path="StyleLibrary\ECM\css\images\ui-bg_glass_65_ffffff_1x400.png" Url="ECM/css/images/ui-bg_glass_65_ffffff_1x400.png" Level="Published" ReplaceContent="TRUE"/>
    <File Path="StyleLibrary\ECM\css\images\ui-bg_glass_95_fef1ec_1x400.png" Url="ECM/css/images/ui-bg_glass_95_fef1ec_1x400.png" Level="Published" ReplaceContent="TRUE"/>
    <File Path="StyleLibrary\ECM\scripts\jquery.dataTables - Copy.js" Url="StyleLibrary/ECM/scripts/jquery.dataTables - Copy.js" />
    <File Path="StyleLibrary\ECM\images\ecm-footerlogo - Copy.png" Url="StyleLibrary/ECM/images/ecm-footerlogo - Copy.png" />
    <File Path="StyleLibrary\ECM\images\ecm-headerlogo.png" Url="StyleLibrary/ECM/images/ecm-headerlogo.png" />
    <File Path="StyleLibrary\ECM\images\home_s.png" Url="StyleLibrary/ECM/images/home_s.png" />
  </Module>
</Elements>
