﻿<?xml version="1.0" encoding="utf-8"?>
<Solution xmlns="http://schemas.microsoft.com/sharepoint/" SolutionId="bf463b24-56d3-4e0c-995a-b69f6bbf38b6" SharePointProductVersion="15.0">
  <Assemblies>
    <Assembly Location="DWHDAL.dll" DeploymentTarget="GlobalAssemblyCache" />
    <Assembly Location="CustomSPNewEfileCreation.dll" DeploymentTarget="GlobalAssemblyCache">
      <SafeControls>
        <SafeControl Assembly="CustomSPNewEfileCreation, Version=1.0.0.0, Culture=neutral, PublicKeyToken=230bee1a63422105" Namespace="CustomSPNewEfileCreation.CreateNewEfile" TypeName="*" />
      </SafeControls>
    </Assembly>
  </Assemblies>
  <TemplateFiles>
    <TemplateFile Location="Layouts\CustomSPNewEfileCreation\JS\Library\jquery-1.12.4.min.map" />
    <TemplateFile Location="Layouts\CustomSPNewEfileCreation\CSS\Content\themes\base\accordion.css" />
    <TemplateFile Location="Layouts\CustomSPNewEfileCreation\CSS\Content\themes\base\all.css" />
    <TemplateFile Location="Layouts\CustomSPNewEfileCreation\CSS\Content\themes\base\autocomplete.css" />
    <TemplateFile Location="Layouts\CustomSPNewEfileCreation\CSS\Content\themes\base\base.css" />
    <TemplateFile Location="Layouts\CustomSPNewEfileCreation\CSS\Content\themes\base\button.css" />
    <TemplateFile Location="Layouts\CustomSPNewEfileCreation\CSS\Content\themes\base\core.css" />
    <TemplateFile Location="Layouts\CustomSPNewEfileCreation\CSS\Content\themes\base\datepicker.css" />
    <TemplateFile Location="Layouts\CustomSPNewEfileCreation\CSS\Content\themes\base\dialog.css" />
    <TemplateFile Location="Layouts\CustomSPNewEfileCreation\CSS\Content\themes\base\draggable.css" />
    <TemplateFile Location="Layouts\CustomSPNewEfileCreation\CSS\Content\themes\base\images\ui-bg_flat_0_aaaaaa_40x100.png" />
    <TemplateFile Location="Layouts\CustomSPNewEfileCreation\CSS\Content\themes\base\images\ui-bg_flat_75_ffffff_40x100.png" />
    <TemplateFile Location="Layouts\CustomSPNewEfileCreation\CSS\Content\themes\base\images\ui-bg_glass_55_fbf9ee_1x400.png" />
    <TemplateFile Location="Layouts\CustomSPNewEfileCreation\CSS\Content\themes\base\images\ui-bg_glass_65_ffffff_1x400.png" />
    <TemplateFile Location="Layouts\CustomSPNewEfileCreation\CSS\Content\themes\base\images\ui-bg_glass_75_dadada_1x400.png" />
    <TemplateFile Location="Layouts\CustomSPNewEfileCreation\CSS\Content\themes\base\images\ui-bg_glass_75_e6e6e6_1x400.png" />
    <TemplateFile Location="Layouts\CustomSPNewEfileCreation\CSS\Content\themes\base\images\ui-bg_glass_95_fef1ec_1x400.png" />
    <TemplateFile Location="Layouts\CustomSPNewEfileCreation\CSS\Content\themes\base\images\ui-bg_highlight-soft_75_cccccc_1x100.png" />
    <TemplateFile Location="Layouts\CustomSPNewEfileCreation\CSS\Content\themes\base\images\ui-icons_222222_256x240.png" />
    <TemplateFile Location="Layouts\CustomSPNewEfileCreation\CSS\Content\themes\base\images\ui-icons_2e83ff_256x240.png" />
    <TemplateFile Location="Layouts\CustomSPNewEfileCreation\CSS\Content\themes\base\images\ui-icons_444444_256x240.png" />
    <TemplateFile Location="Layouts\CustomSPNewEfileCreation\CSS\Content\themes\base\images\ui-icons_454545_256x240.png" />
    <TemplateFile Location="Layouts\CustomSPNewEfileCreation\CSS\Content\themes\base\images\ui-icons_555555_256x240.png" />
    <TemplateFile Location="Layouts\CustomSPNewEfileCreation\CSS\Content\themes\base\images\ui-icons_777620_256x240.png" />
    <TemplateFile Location="Layouts\CustomSPNewEfileCreation\CSS\Content\themes\base\images\ui-icons_777777_256x240.png" />
    <TemplateFile Location="Layouts\CustomSPNewEfileCreation\CSS\Content\themes\base\images\ui-icons_888888_256x240.png" />
    <TemplateFile Location="Layouts\CustomSPNewEfileCreation\CSS\Content\themes\base\images\ui-icons_cc0000_256x240.png" />
    <TemplateFile Location="Layouts\CustomSPNewEfileCreation\CSS\Content\themes\base\images\ui-icons_cd0a0a_256x240.png" />
    <TemplateFile Location="Layouts\CustomSPNewEfileCreation\CSS\Content\themes\base\images\ui-icons_ffffff_256x240.png" />
    <TemplateFile Location="Layouts\CustomSPNewEfileCreation\CSS\Content\themes\base\jquery-ui.css" />
    <TemplateFile Location="Layouts\CustomSPNewEfileCreation\CSS\Content\themes\base\jquery-ui.min.css" />
    <TemplateFile Location="Layouts\CustomSPNewEfileCreation\CSS\Content\themes\base\menu.css" />
    <TemplateFile Location="Layouts\CustomSPNewEfileCreation\CSS\Content\themes\base\progressbar.css" />
    <TemplateFile Location="Layouts\CustomSPNewEfileCreation\CSS\Content\themes\base\resizable.css" />
    <TemplateFile Location="Layouts\CustomSPNewEfileCreation\CSS\Content\themes\base\selectable.css" />
    <TemplateFile Location="Layouts\CustomSPNewEfileCreation\CSS\Content\themes\base\selectmenu.css" />
    <TemplateFile Location="Layouts\CustomSPNewEfileCreation\CSS\Content\themes\base\slider.css" />
    <TemplateFile Location="Layouts\CustomSPNewEfileCreation\CSS\Content\themes\base\sortable.css" />
    <TemplateFile Location="Layouts\CustomSPNewEfileCreation\CSS\Content\themes\base\spinner.css" />
    <TemplateFile Location="Layouts\CustomSPNewEfileCreation\CSS\Content\themes\base\tabs.css" />
    <TemplateFile Location="Layouts\CustomSPNewEfileCreation\CSS\Content\themes\base\theme.css" />
    <TemplateFile Location="Layouts\CustomSPNewEfileCreation\CSS\Content\themes\base\tooltip.css" />
    <TemplateFile Location="Layouts\CustomSPNewEfileCreation\JS\Custom\UploadDocMetadata.js" />
    <TemplateFile Location="Layouts\CustomSPNewEfileCreation\JS\Library\jquery-1.12.4.intellisense.js" />
    <TemplateFile Location="Layouts\CustomSPNewEfileCreation\JS\Library\jquery-1.12.4.js" />
    <TemplateFile Location="Layouts\CustomSPNewEfileCreation\JS\Library\jquery-1.12.4.min.js" />
    <TemplateFile Location="Layouts\CustomSPNewEfileCreation\JS\Library\jquery-ui-1.12.1.js" />
    <TemplateFile Location="Layouts\CustomSPNewEfileCreation\JS\Library\jquery-ui-1.12.1.min.js" />
  </TemplateFiles>
  <FeatureManifests>
    <FeatureManifest Location="CustomSPNewEfileCreation_Feature1\Feature.xml" />
  </FeatureManifests>
</Solution>