﻿<?xml version="1.0" encoding="utf-8"?>
<Elements xmlns="http://schemas.microsoft.com/sharepoint/">
  <Module Name="SearchCenterMasterPage"  Url="_catalogs/masterpage">
    <File Path="SearchCenterMasterPage\lmgs_search.master" Url="lmgs_search.master" Type="GhostableInLibrary" Level="Published" ReplaceContent="TRUE" IgnoreIfAlreadyExists="FALSE">
      <Property Name="Title" Value="lmgs_search" />
      <Property Name="UIVersion" Value="15" />
      <Property Name="MasterPageDescription" Value="" />
      <Property Name="ContentType" Value="$Resources:cmscore,contenttype_masterpage_name;" />
    </File>
    <File Path="SearchCenterMasterPage\lmgs_base_search.master" Url="lmgs_base_search.master" Type="GhostableInLibrary" Level="Published" ReplaceContent="TRUE" IgnoreIfAlreadyExists="FALSE">
      <Property Name="Title" Value="lmgs_base_search" />
      <Property Name="UIVersion" Value="15" />
      <Property Name="MasterPageDescription" Value="" />
      <Property Name="ContentType" Value="$Resources:cmscore,contenttype_masterpage_name;" />
    </File>
  </Module>
</Elements>