﻿<?xml version="1.0" encoding="utf-8"?>
<Elements xmlns="http://schemas.microsoft.com/sharepoint/">
  <Module Name="HTML" Url="Style Library">
    <File Path="HTML\eFile.html" Url="HTML/eFile.html" ReplaceContent="true" Level="Published" Type="GhostableInLibrary"/>
    <File Path="HTML\AlleFile.html" Url="HTML/AlleFile.html" ReplaceContent="true" Level="Published" Type="GhostableInLibrary" />
    <File Path="HTML\DocPropertiesPopup.aspx" Url="HTML/DocPropertiesPopup.aspx" Type="GhostableInLibrary" Level="Published" ReplaceContent="TRUE"  />
    <File Path="HTML\DocPropertiesPopup_efile.aspx" Url="HTML/DocPropertiesPopup_efile.aspx" Type="GhostableInLibrary" Level="Published" ReplaceContent="TRUE"  />
    <File Path="HTML\DragDropPopup.aspx" Url="HTML/DragDropPopup.aspx" Type="GhostableInLibrary" Level="Published" ReplaceContent="TRUE"  />
    <File Path="HTML\SearchFilters.html" Url="HTML/SearchFilters.html" Type="GhostableInLibrary" Level="Published" ReplaceContent="TRUE"   />
    <File Path="HTML\NewAuditForm.aspx" Url="HTML/NewAuditForm.aspx" Type="GhostableInLibrary" Level="Published" ReplaceContent="TRUE" />
    <File Path="HTML\MyNewEfiles.html" Url="HTML/MyNewEfiles.html" Type="GhostableInLibrary" Level="Published" ReplaceContent="TRUE" />
    <File Path="HTML\NeweFilesButtons.html" Url="HTML/NeweFilesButtons.html" Type="GhostableInLibrary" Level="Published" ReplaceContent="TRUE" />
    <File Path="HTML\eFileDetails.html" Url="HTML/eFileDetails.html" Type="GhostableInLibrary" Level="Published" ReplaceContent="TRUE" />
    <File Path="HTML\Renewal.html" Url="HTML/Renewal.html" Type="GhostableInLibrary" Level="Published" ReplaceContent="TRUE" />
    <File Path="HTML\SingleMessageNoeFiles.html" Url="HTML/SingleMessageNoeFiles.html" Type="GhostableInLibrary" Level="Published" ReplaceContent="TRUE" />
    <File Path="HTML\Quoted.html" Url="HTML/Quoted.html"  Type="GhostableInLibrary" Level="Published" ReplaceContent="TRUE"/>
    <File Path="HTML\Submission.html" Url="HTML/Submission.html"  Type="GhostableInLibrary" Level="Published" ReplaceContent="TRUE"/>
  </Module>
</Elements>
