<?xml version="1.0" encoding="utf-8"?>
<globalmenu>
  <menu target="_self" url="/pages/myhome.aspx" name="eFile Manager" />
  <menu target="_self" url="#" name="myTeam">
    <submenu url="#" target="_blank">US</submenu>
    <submenu url="#" target="_blank">Canada</submenu>
  </menu>
  <menu target="_self" url="#" name ="Common Apps">
    <submenu url="#" target="_blank">Claims Center</submenu>
    <submenu url="#" target="_blank">Genius</submenu>
    <submenu url="#" target="_blank">myLiberty</submenu>
    <submenu url="#" target="_blank">Connect</submenu>
  </menu>
</globalmenu>