<?xml version="1.0" encoding="utf-8"?>
<Webapplication URL="http://IN-KA-DC-PECMW1/">
  <ManagedPaths>
<!--    <Path Name="">-->           
    <Path Name="sites" Type="Wildcard inclusion">
      <SiteCollection>
        <Name>eFileManager</Name>
        <Title>eFileManager</Title>
        <Description>eFileManager ContentHub</Description>
        <WebTemplate>STS#0</WebTemplate>
        <LanguageID>1033</LanguageID>
        <PrimaryOwner>
          <ID>lvgi\Ecmadmin</ID>
          <Name></Name>
        </PrimaryOwner>
        <SecondaryOwner>
          <ID>lvgi\N0258124</ID>
          <Name></Name>
        </SecondaryOwner>
        <Features>
          <Feature Name="9a447926-5937-44cb-857a-d3829301c73b"/>
        </Features>
      </SiteCollection>
    </Path>
  </ManagedPaths>   
</Webapplication>