<?xml version="1.0" encoding="utf-8"?>
<RMPolicies>
  <policies url="http://IN-KA-DC-PECMW1/sites/efilemanager">
    <policy ct="eFileDS84" action="Create" >
      <Schedules nextStageId='2'>
        <Schedule type='Default'>
          <stages>
            <data stageId='1'>
              <formula id='Microsoft.Office.RecordsManagement.PolicyFeatures.Expiration.Formula.BuiltIn'>
                <number>12</number>
                <property>EFPolicyExpiryDate</property>
                <period>years</period>
              </formula>
              <action type='action'
              id='Microsoft.Office.RecordsManagement.PolicyFeatures.Expiration.Action.MoveToRecycleBin' />
            </data>
          </stages>
        </Schedule>
      </Schedules>
    </policy>
  </policies>
</RMPolicies>