08/18/2015 14:18:17,message,Input xml path got :E:\ECMCode\Part III\PS Scripts\PS Scripts\ContentHub\CTHSiteSetup.xml,GlobalCall,CTHSiteSetup
08/18/2015 14:18:18,message,0 managed paths created,EnsureManagedPaths,ProductSiteSetup
08/18/2015 14:18:18,message,check if SPSite exists. url-http://in-cld-udms1:10000/sites/eFileManager,CreateSiteCollection,CTHSiteSetup
08/18/2015 14:18:18,message,Creating new SPSite. url-http://in-cld-udms1:10000/sites/eFileManager,CreateSiteCollection,CTHSiteSetup
08/18/2015 14:20:30,message,Site created successfully.Setting Master page. url-http://in-cld-udms1:10000/sites/eFileManager,CreateSiteCollection,CTHSiteSetup
08/18/2015 14:20:30,message,Enabling site collection features,CreateSiteCollection,CTHSiteSetup
08/18/2015 14:20:32,message,Enabling site collection features completed successfully,CreateSiteCollection,CTHSiteSetup
08/18/2015 14:20:32,message,CT Hub SiteSetup- Completed,GlobalCall,CTHSiteSetup
08/18/2015 14:20:35,message,Adding PowerShell Snapin,GlobalCall,SiteColumn
08/18/2015 14:20:38,message,PowerShell Snapin added successfully,GlobalCall,SiteColumn
08/18/2015 14:20:38,message,SiteColumn Creation - Started,GlobalCall,SiteColumn
08/18/2015 14:20:38,message,Input xml path got :E:\ECMCode\Part III\PS Scripts\PS Scripts\ContentHub\SiteColumnList.xml,GlobalCall,CTHSiteSetup
08/18/2015 14:20:46,message,Adding site column :EFCountry,CreateSiteColumns,SiteColumn
08/18/2015 14:20:46,message,Successfully added site column :EFCountry,CreateSiteColumns,SiteColumn
08/18/2015 14:20:46,message,Adding site column :EFFunction,CreateSiteColumns,SiteColumn
08/18/2015 14:20:46,message,Successfully added site column :EFFunction,CreateSiteColumns,SiteColumn
08/18/2015 14:20:47,message,Adding site column :EFBranch,CreateSiteColumns,SiteColumn
08/18/2015 14:20:47,message,Successfully added site column :EFBranch,CreateSiteColumns,SiteColumn
08/18/2015 14:20:47,message,Adding site column :EFOffice,CreateSiteColumns,SiteColumn
08/18/2015 14:20:47,message,Successfully added site column :EFOffice,CreateSiteColumns,SiteColumn
08/18/2015 14:20:47,message,Adding site column :EFGSCompany,CreateSiteColumns,SiteColumn
08/18/2015 14:20:48,message,Successfully added site column :EFGSCompany,CreateSiteColumns,SiteColumn
08/18/2015 14:20:48,message,Adding site column :EFLOB,CreateSiteColumns,SiteColumn
08/18/2015 14:20:48,message,Successfully added site column :EFLOB,CreateSiteColumns,SiteColumn
08/18/2015 14:20:49,message,Adding site column :EFRegion,CreateSiteColumns,SiteColumn
08/18/2015 14:20:49,message,Successfully added site column :EFRegion,CreateSiteColumns,SiteColumn
08/18/2015 14:20:49,message,Adding site column :EFRiskLocation,CreateSiteColumns,SiteColumn
08/18/2015 14:20:50,message,Successfully added site column :EFRiskLocation,CreateSiteColumns,SiteColumn
08/18/2015 14:20:50,message,Adding site column :EFSubmissionNumber,CreateSiteColumns,SiteColumn
08/18/2015 14:20:50,message,Successfully added site column :EFSubmissionNumber,CreateSiteColumns,SiteColumn
08/18/2015 14:20:50,message,Adding site column :EFPolicyNumber,CreateSiteColumns,SiteColumn
08/18/2015 14:20:51,message,Successfully added site column :EFPolicyNumber,CreateSiteColumns,SiteColumn
08/18/2015 14:20:51,message,Adding site column :EFPolicyYear,CreateSiteColumns,SiteColumn
08/18/2015 14:20:51,message,Successfully added site column :EFPolicyYear,CreateSiteColumns,SiteColumn
08/18/2015 14:20:52,message,Adding site column :EFPolicyInceptionDate,CreateSiteColumns,SiteColumn
08/18/2015 14:20:52,message,Successfully added site column :EFPolicyInceptionDate,CreateSiteColumns,SiteColumn
08/18/2015 14:20:52,message,Adding site column :EFPolicyExpiryDate,CreateSiteColumns,SiteColumn
08/18/2015 14:20:52,message,Successfully added site column :EFPolicyExpiryDate,CreateSiteColumns,SiteColumn
08/18/2015 14:20:53,message,Adding site column :EFUnderwriter,CreateSiteColumns,SiteColumn
08/18/2015 14:20:53,message,Successfully added site column :EFUnderwriter,CreateSiteColumns,SiteColumn
08/18/2015 14:20:53,message,Adding site column :EFInsuredName,CreateSiteColumns,SiteColumn
08/18/2015 14:20:53,message,Successfully added site column :EFInsuredName,CreateSiteColumns,SiteColumn
08/18/2015 14:20:53,message,Adding site column :EFInsuredCode,CreateSiteColumns,SiteColumn
08/18/2015 14:20:54,message,Successfully added site column :EFInsuredCode,CreateSiteColumns,SiteColumn
08/18/2015 14:20:54,message,Adding site column :EFBrokerName,CreateSiteColumns,SiteColumn
08/18/2015 14:20:54,message,Successfully added site column :EFBrokerName,CreateSiteColumns,SiteColumn
08/18/2015 14:20:54,message,Adding site column :EFBrokerCode,CreateSiteColumns,SiteColumn
08/18/2015 14:20:54,message,Successfully added site column :EFBrokerCode,CreateSiteColumns,SiteColumn
08/18/2015 14:20:54,message,Adding site column :EFProduct,CreateSiteColumns,SiteColumn
08/18/2015 14:20:54,message,Successfully added site column :EFProduct,CreateSiteColumns,SiteColumn
08/18/2015 14:20:55,message,Adding site column :EFUnderwritingAssistant,CreateSiteColumns,SiteColumn
08/18/2015 14:20:55,message,Successfully added site column :EFUnderwritingAssistant,CreateSiteColumns,SiteColumn
08/18/2015 14:20:55,message,Adding site column :EFMasterStatus,CreateSiteColumns,SiteColumn
08/18/2015 14:20:55,message,Successfully added site column :EFMasterStatus,CreateSiteColumns,SiteColumn
08/18/2015 14:20:56,message,Adding site column :EFCoverageType,CreateSiteColumns,SiteColumn
08/18/2015 14:20:56,message,Successfully added site column :EFCoverageType,CreateSiteColumns,SiteColumn
08/18/2015 14:20:56,message,Adding site column :EFDepartment,CreateSiteColumns,SiteColumn
08/18/2015 14:20:56,message,Successfully added site column :EFDepartment,CreateSiteColumns,SiteColumn
08/18/2015 14:20:57,message,Adding site column :EFeFileExpirationDate,CreateSiteColumns,SiteColumn
08/18/2015 14:20:57,message,Successfully added site column :EFeFileExpirationDate,CreateSiteColumns,SiteColumn
08/18/2015 14:20:57,message,Adding site column :EFeFileNote,CreateSiteColumns,SiteColumn
08/18/2015 14:20:57,message,Successfully added site column :EFeFileNote,CreateSiteColumns,SiteColumn
08/18/2015 14:20:58,message,Adding site column :EFRenewedPolicyNumber,CreateSiteColumns,SiteColumn
08/18/2015 14:20:58,message,Successfully added site column :EFRenewedPolicyNumber,CreateSiteColumns,SiteColumn
08/18/2015 14:20:58,message,Adding site column :EFHasActiveClaims,CreateSiteColumns,SiteColumn
08/18/2015 14:20:58,message,Successfully added site column :EFHasActiveClaims,CreateSiteColumns,SiteColumn
08/18/2015 14:20:58,message,Adding site column :EFIsSpotlight,CreateSiteColumns,SiteColumn
08/18/2015 14:20:58,message,Successfully added site column :EFIsSpotlight,CreateSiteColumns,SiteColumn
08/18/2015 14:20:59,message,Adding site column :EFIsConfidential,CreateSiteColumns,SiteColumn
08/18/2015 14:20:59,message,Successfully added site column :EFIsConfidential,CreateSiteColumns,SiteColumn
08/18/2015 14:20:59,message,Adding site column :EFeFileCategory,CreateSiteColumns,SiteColumn
08/18/2015 14:21:00,message,Successfully added site column :EFeFileCategory,CreateSiteColumns,SiteColumn
08/18/2015 14:21:00,message,Adding site column :EFUWStage,CreateSiteColumns,SiteColumn
08/18/2015 14:21:00,message,Successfully added site column :EFUWStage,CreateSiteColumns,SiteColumn
08/18/2015 14:21:01,message,Adding site column :EFDocumentStatus,CreateSiteColumns,SiteColumn
08/18/2015 14:21:01,message,Successfully added site column :EFDocumentStatus,CreateSiteColumns,SiteColumn
08/18/2015 14:21:01,message,Adding site column :EFDocumentTitle,CreateSiteColumns,SiteColumn
08/18/2015 14:21:01,message,Successfully added site column :EFDocumentTitle,CreateSiteColumns,SiteColumn
08/18/2015 14:21:02,message,Adding site column :EFEmailDate,CreateSiteColumns,SiteColumn
08/18/2015 14:21:02,message,Successfully added site column :EFEmailDate,CreateSiteColumns,SiteColumn
08/18/2015 14:21:02,message,Adding site column :EFEmailCC,CreateSiteColumns,SiteColumn
08/18/2015 14:21:03,message,Successfully added site column :EFEmailCC,CreateSiteColumns,SiteColumn
08/18/2015 14:21:03,message,Adding site column :EFEmailTo,CreateSiteColumns,SiteColumn
08/18/2015 14:21:03,message,Successfully added site column :EFEmailTo,CreateSiteColumns,SiteColumn
08/18/2015 14:21:04,message,Adding site column :EFEmailFrom,CreateSiteColumns,SiteColumn
08/18/2015 14:21:04,message,Successfully added site column :EFEmailFrom,CreateSiteColumns,SiteColumn
08/18/2015 14:21:04,message,Adding site column :EFeFileDocumentGroup,CreateSiteColumns,SiteColumn
08/18/2015 14:21:05,message,Successfully added site column :EFeFileDocumentGroup,CreateSiteColumns,SiteColumn
08/18/2015 14:21:05,message,Adding site column :EFeFileDocumentType,CreateSiteColumns,SiteColumn
08/18/2015 14:21:05,message,Successfully added site column :EFeFileDocumentType,CreateSiteColumns,SiteColumn
08/18/2015 14:21:05,message,Adding site column :EFSpotlightUsers,CreateSiteColumns,SiteColumn
08/18/2015 14:21:06,message,Successfully added site column :EFSpotlightUsers,CreateSiteColumns,SiteColumn
08/18/2015 14:21:06,message,SiteColumn Creation - Completed,GlobalCall,SiteColumn
08/18/2015 14:21:09,message,Adding PowerShell Snapin,GlobalCall,SiteColumn
08/18/2015 14:21:12,message,PowerShell Snapin added successfully,GlobalCall,SiteColumn
08/18/2015 14:21:12,message, ContentType Creation - Started,GlobalCall,SiteContentType
08/18/2015 14:21:18,message,Creating CT :eFileDocument,createContentType,SiteContentType
08/18/2015 14:21:20,message,Adding fields to CT :eFileDocument,createContentType,SiteContentType
08/18/2015 14:21:20,message,Added field to CT :EFDocumentStatus,createContentType,SiteContentType
08/18/2015 14:21:20,message,Added field to CT :EFDocumentTitle,createContentType,SiteContentType
08/18/2015 14:21:20,message,Added field to CT :EFEmailDate,createContentType,SiteContentType
08/18/2015 14:21:20,message,Added field to CT :EFEmailTo,createContentType,SiteContentType
08/18/2015 14:21:20,message,Added field to CT :EFEmailFrom,createContentType,SiteContentType
08/18/2015 14:21:20,message,Added field to CT :EFEmailCC,createContentType,SiteContentType
08/18/2015 14:21:20,message,Added field to CT :EFeFileDocumentGroup,createContentType,SiteContentType
08/18/2015 14:21:20,message,Added field to CT :EFeFileDocumentType,createContentType,SiteContentType
08/18/2015 14:21:21,message,Creating CT :eFileDS,createContentType,SiteContentType
08/18/2015 14:21:22,message,Adding fields to CT :eFileDS,createContentType,SiteContentType
08/18/2015 14:21:22,message,Added field to CT :EFCountry,createContentType,SiteContentType
08/18/2015 14:21:22,message,Added field to CT :EFFunction,createContentType,SiteContentType
08/18/2015 14:21:23,message,Added field to CT :EFBranch,createContentType,SiteContentType
08/18/2015 14:21:23,message,Added field to CT :EFOffice,createContentType,SiteContentType
08/18/2015 14:21:23,message,Added field to CT :EFGSCompany,createContentType,SiteContentType
08/18/2015 14:21:23,message,Added field to CT :EFLOB,createContentType,SiteContentType
08/18/2015 14:21:23,message,Added field to CT :EFRegion,createContentType,SiteContentType
08/18/2015 14:21:23,message,Added field to CT :EFRiskLocation,createContentType,SiteContentType
08/18/2015 14:21:23,message,Added field to CT :EFSubmissionNumber,createContentType,SiteContentType
08/18/2015 14:21:23,message,Added field to CT :EFPolicyNumber,createContentType,SiteContentType
08/18/2015 14:21:23,message,Added field to CT :EFPolicyYear,createContentType,SiteContentType
08/18/2015 14:21:23,message,Added field to CT :EFPolicyInceptionDate,createContentType,SiteContentType
08/18/2015 14:21:23,message,Added field to CT :EFPolicyExpiryDate,createContentType,SiteContentType
08/18/2015 14:21:24,message,Added field to CT :EFUnderwriter,createContentType,SiteContentType
08/18/2015 14:21:24,message,Added field to CT :EFInsuredName,createContentType,SiteContentType
08/18/2015 14:21:24,message,Added field to CT :EFInsuredCode,createContentType,SiteContentType
08/18/2015 14:21:24,message,Added field to CT :EFBrokerName,createContentType,SiteContentType
08/18/2015 14:21:24,message,Added field to CT :EFBrokerCode,createContentType,SiteContentType
08/18/2015 14:21:25,message,Added field to CT :EFProduct,createContentType,SiteContentType
08/18/2015 14:21:25,message,Added field to CT :EFUnderwritingAssistant,createContentType,SiteContentType
08/18/2015 14:21:25,message,Added field to CT :EFMasterStatus,createContentType,SiteContentType
08/18/2015 14:21:25,message,Added field to CT :EFCoverageType,createContentType,SiteContentType
08/18/2015 14:21:25,message,Added field to CT :EFHasActiveClaims,createContentType,SiteContentType
08/18/2015 14:21:25,message,Added field to CT :EFIsSpotlight,createContentType,SiteContentType
08/18/2015 14:21:25,message,Added field to CT :EFIsConfidential,createContentType,SiteContentType
08/18/2015 14:21:26,message,Added field to CT :EFeFileCategory,createContentType,SiteContentType
08/18/2015 14:21:26,message,Added field to CT :EFUWStage,createContentType,SiteContentType
08/18/2015 14:21:26,message,Added field to CT :EFDepartment,createContentType,SiteContentType
08/18/2015 14:21:26,message,Added field to CT :EFeFileExpirationDate,createContentType,SiteContentType
08/18/2015 14:21:26,message,Added field to CT :EFeFileNote,createContentType,SiteContentType
08/18/2015 14:21:26,message,Added field to CT :EFRenewedPolicyNumber,createContentType,SiteContentType
08/18/2015 14:21:27,message,Added field to CT :EFSpotlightUsers,createContentType,SiteContentType
08/18/2015 14:21:28,message,Creating CT :eFileDSUND205,createContentType,SiteContentType
08/18/2015 14:21:29,message,Adding fields to CT :eFileDSUND205,createContentType,SiteContentType
08/18/2015 14:21:29,message,Added field to CT :EFCountry,createContentType,SiteContentType
08/18/2015 14:21:29,message,Added field to CT :EFFunction,createContentType,SiteContentType
08/18/2015 14:21:29,message,Added field to CT :EFBranch,createContentType,SiteContentType
08/18/2015 14:21:29,message,Added field to CT :EFOffice,createContentType,SiteContentType
08/18/2015 14:21:30,message,Added field to CT :EFGSCompany,createContentType,SiteContentType
08/18/2015 14:21:30,message,Added field to CT :EFLOB,createContentType,SiteContentType
08/18/2015 14:21:30,message,Added field to CT :EFRegion,createContentType,SiteContentType
08/18/2015 14:21:30,message,Added field to CT :EFRiskLocation,createContentType,SiteContentType
08/18/2015 14:21:30,message,Added field to CT :EFSubmissionNumber,createContentType,SiteContentType
08/18/2015 14:21:30,message,Added field to CT :EFPolicyNumber,createContentType,SiteContentType
08/18/2015 14:21:30,message,Added field to CT :EFPolicyYear,createContentType,SiteContentType
08/18/2015 14:21:30,message,Added field to CT :EFPolicyInceptionDate,createContentType,SiteContentType
08/18/2015 14:21:30,message,Added field to CT :EFPolicyExpiryDate,createContentType,SiteContentType
08/18/2015 14:21:30,message,Added field to CT :EFUnderwriter,createContentType,SiteContentType
08/18/2015 14:21:30,message,Added field to CT :EFInsuredName,createContentType,SiteContentType
08/18/2015 14:21:31,message,Added field to CT :EFInsuredCode,createContentType,SiteContentType
08/18/2015 14:21:31,message,Added field to CT :EFBrokerName,createContentType,SiteContentType
08/18/2015 14:21:31,message,Added field to CT :EFBrokerCode,createContentType,SiteContentType
08/18/2015 14:21:31,message,Added field to CT :EFProduct,createContentType,SiteContentType
08/18/2015 14:21:31,message,Added field to CT :EFUnderwritingAssistant,createContentType,SiteContentType
08/18/2015 14:21:31,message,Added field to CT :EFMasterStatus,createContentType,SiteContentType
08/18/2015 14:21:31,message,Added field to CT :EFCoverageType,createContentType,SiteContentType
08/18/2015 14:21:32,message,Added field to CT :EFHasActiveClaims,createContentType,SiteContentType
08/18/2015 14:21:32,message,Added field to CT :EFIsSpotlight,createContentType,SiteContentType
08/18/2015 14:21:32,message,Added field to CT :EFIsConfidential,createContentType,SiteContentType
08/18/2015 14:21:32,message,Added field to CT :EFeFileCategory,createContentType,SiteContentType
08/18/2015 14:21:32,message,Added field to CT :EFUWStage,createContentType,SiteContentType
08/18/2015 14:21:32,message,Added field to CT :EFDepartment,createContentType,SiteContentType
08/18/2015 14:21:33,message,Added field to CT :EFeFileExpirationDate,createContentType,SiteContentType
08/18/2015 14:21:33,message,Added field to CT :EFeFileNote,createContentType,SiteContentType
08/18/2015 14:21:33,message,Added field to CT :EFRenewedPolicyNumber,createContentType,SiteContentType
08/18/2015 14:21:33,message,Added field to CT :EFSpotlightUsers,createContentType,SiteContentType
08/18/2015 14:21:34,message,Creating CT :eFileDSUND196,createContentType,SiteContentType
08/18/2015 14:21:34,message,Adding fields to CT :eFileDSUND196,createContentType,SiteContentType
08/18/2015 14:21:34,message,Added field to CT :EFCountry,createContentType,SiteContentType
08/18/2015 14:21:34,message,Added field to CT :EFFunction,createContentType,SiteContentType
08/18/2015 14:21:34,message,Added field to CT :EFBranch,createContentType,SiteContentType
08/18/2015 14:21:35,message,Added field to CT :EFOffice,createContentType,SiteContentType
08/18/2015 14:21:35,message,Added field to CT :EFGSCompany,createContentType,SiteContentType
08/18/2015 14:21:35,message,Added field to CT :EFLOB,createContentType,SiteContentType
08/18/2015 14:21:35,message,Added field to CT :EFRegion,createContentType,SiteContentType
08/18/2015 14:21:35,message,Added field to CT :EFRiskLocation,createContentType,SiteContentType
08/18/2015 14:21:35,message,Added field to CT :EFSubmissionNumber,createContentType,SiteContentType
08/18/2015 14:21:35,message,Added field to CT :EFPolicyNumber,createContentType,SiteContentType
08/18/2015 14:21:35,message,Added field to CT :EFPolicyYear,createContentType,SiteContentType
08/18/2015 14:21:35,message,Added field to CT :EFPolicyInceptionDate,createContentType,SiteContentType
08/18/2015 14:21:35,message,Added field to CT :EFPolicyExpiryDate,createContentType,SiteContentType
08/18/2015 14:21:35,message,Added field to CT :EFUnderwriter,createContentType,SiteContentType
08/18/2015 14:21:35,message,Added field to CT :EFInsuredName,createContentType,SiteContentType
08/18/2015 14:21:35,message,Added field to CT :EFInsuredCode,createContentType,SiteContentType
08/18/2015 14:21:36,message,Added field to CT :EFBrokerName,createContentType,SiteContentType
08/18/2015 14:21:36,message,Added field to CT :EFBrokerCode,createContentType,SiteContentType
08/18/2015 14:21:36,message,Added field to CT :EFProduct,createContentType,SiteContentType
08/18/2015 14:21:36,message,Added field to CT :EFUnderwritingAssistant,createContentType,SiteContentType
08/18/2015 14:21:36,message,Added field to CT :EFMasterStatus,createContentType,SiteContentType
08/18/2015 14:21:36,message,Added field to CT :EFCoverageType,createContentType,SiteContentType
08/18/2015 14:21:36,message,Added field to CT :EFHasActiveClaims,createContentType,SiteContentType
08/18/2015 14:21:37,message,Added field to CT :EFIsSpotlight,createContentType,SiteContentType
08/18/2015 14:21:37,message,Added field to CT :EFIsConfidential,createContentType,SiteContentType
08/18/2015 14:21:37,message,Added field to CT :EFeFileCategory,createContentType,SiteContentType
08/18/2015 14:21:37,message,Added field to CT :EFUWStage,createContentType,SiteContentType
08/18/2015 14:21:37,message,Added field to CT :EFDepartment,createContentType,SiteContentType
08/18/2015 14:21:37,message,Added field to CT :EFeFileExpirationDate,createContentType,SiteContentType
08/18/2015 14:21:38,message,Added field to CT :EFeFileNote,createContentType,SiteContentType
08/18/2015 14:21:38,message,Added field to CT :EFRenewedPolicyNumber,createContentType,SiteContentType
08/18/2015 14:21:38,message,Added field to CT :EFSpotlightUsers,createContentType,SiteContentType
08/18/2015 14:21:38,message,Creating CT :eFileDSUND180,createContentType,SiteContentType
08/18/2015 14:21:40,message,Adding fields to CT :eFileDSUND180,createContentType,SiteContentType
08/18/2015 14:21:40,message,Added field to CT :EFCountry,createContentType,SiteContentType
08/18/2015 14:21:40,message,Added field to CT :EFFunction,createContentType,SiteContentType
08/18/2015 14:21:40,message,Added field to CT :EFBranch,createContentType,SiteContentType
08/18/2015 14:21:40,message,Added field to CT :EFOffice,createContentType,SiteContentType
08/18/2015 14:21:40,message,Added field to CT :EFGSCompany,createContentType,SiteContentType
08/18/2015 14:21:40,message,Added field to CT :EFLOB,createContentType,SiteContentType
08/18/2015 14:21:40,message,Added field to CT :EFRegion,createContentType,SiteContentType
08/18/2015 14:21:40,message,Added field to CT :EFRiskLocation,createContentType,SiteContentType
08/18/2015 14:21:41,message,Added field to CT :EFSubmissionNumber,createContentType,SiteContentType
08/18/2015 14:21:41,message,Added field to CT :EFPolicyNumber,createContentType,SiteContentType
08/18/2015 14:21:41,message,Added field to CT :EFPolicyYear,createContentType,SiteContentType
08/18/2015 14:21:41,message,Added field to CT :EFPolicyInceptionDate,createContentType,SiteContentType
08/18/2015 14:21:41,message,Added field to CT :EFPolicyExpiryDate,createContentType,SiteContentType
08/18/2015 14:21:41,message,Added field to CT :EFUnderwriter,createContentType,SiteContentType
08/18/2015 14:21:41,message,Added field to CT :EFInsuredName,createContentType,SiteContentType
08/18/2015 14:21:41,message,Added field to CT :EFInsuredCode,createContentType,SiteContentType
08/18/2015 14:21:41,message,Added field to CT :EFBrokerName,createContentType,SiteContentType
08/18/2015 14:21:42,message,Added field to CT :EFBrokerCode,createContentType,SiteContentType
08/18/2015 14:21:42,message,Added field to CT :EFProduct,createContentType,SiteContentType
08/18/2015 14:21:42,message,Added field to CT :EFUnderwritingAssistant,createContentType,SiteContentType
08/18/2015 14:21:42,message,Added field to CT :EFMasterStatus,createContentType,SiteContentType
08/18/2015 14:21:42,message,Added field to CT :EFCoverageType,createContentType,SiteContentType
08/18/2015 14:21:42,message,Added field to CT :EFHasActiveClaims,createContentType,SiteContentType
08/18/2015 14:21:42,message,Added field to CT :EFIsSpotlight,createContentType,SiteContentType
08/18/2015 14:21:43,message,Added field to CT :EFIsConfidential,createContentType,SiteContentType
08/18/2015 14:21:43,message,Added field to CT :EFeFileCategory,createContentType,SiteContentType
08/18/2015 14:21:43,message,Added field to CT :EFUWStage,createContentType,SiteContentType
08/18/2015 14:21:43,message,Added field to CT :EFDepartment,createContentType,SiteContentType
08/18/2015 14:21:43,message,Added field to CT :EFeFileExpirationDate,createContentType,SiteContentType
08/18/2015 14:21:43,message,Added field to CT :EFeFileNote,createContentType,SiteContentType
08/18/2015 14:21:44,message,Added field to CT :EFRenewedPolicyNumber,createContentType,SiteContentType
08/18/2015 14:21:44,message,Added field to CT :EFSpotlightUsers,createContentType,SiteContentType
08/18/2015 14:21:44,message,Creating CT :eFileDSUND181,createContentType,SiteContentType
08/18/2015 14:21:46,message,Adding fields to CT :eFileDSUND181,createContentType,SiteContentType
08/18/2015 14:21:46,message,Added field to CT :EFCountry,createContentType,SiteContentType
08/18/2015 14:21:46,message,Added field to CT :EFFunction,createContentType,SiteContentType
08/18/2015 14:21:46,message,Added field to CT :EFBranch,createContentType,SiteContentType
08/18/2015 14:21:46,message,Added field to CT :EFOffice,createContentType,SiteContentType
08/18/2015 14:21:46,message,Added field to CT :EFGSCompany,createContentType,SiteContentType
08/18/2015 14:21:46,message,Added field to CT :EFLOB,createContentType,SiteContentType
08/18/2015 14:21:46,message,Added field to CT :EFRegion,createContentType,SiteContentType
08/18/2015 14:21:46,message,Added field to CT :EFRiskLocation,createContentType,SiteContentType
08/18/2015 14:21:46,message,Added field to CT :EFSubmissionNumber,createContentType,SiteContentType
08/18/2015 14:21:47,message,Added field to CT :EFPolicyNumber,createContentType,SiteContentType
08/18/2015 14:21:47,message,Added field to CT :EFPolicyYear,createContentType,SiteContentType
08/18/2015 14:21:47,message,Added field to CT :EFPolicyInceptionDate,createContentType,SiteContentType
08/18/2015 14:21:47,message,Added field to CT :EFPolicyExpiryDate,createContentType,SiteContentType
08/18/2015 14:21:47,message,Added field to CT :EFUnderwriter,createContentType,SiteContentType
08/18/2015 14:21:47,message,Added field to CT :EFInsuredName,createContentType,SiteContentType
08/18/2015 14:21:47,message,Added field to CT :EFInsuredCode,createContentType,SiteContentType
08/18/2015 14:21:47,message,Added field to CT :EFBrokerName,createContentType,SiteContentType
08/18/2015 14:21:47,message,Added field to CT :EFBrokerCode,createContentType,SiteContentType
08/18/2015 14:21:48,message,Added field to CT :EFProduct,createContentType,SiteContentType
08/18/2015 14:21:48,message,Added field to CT :EFUnderwritingAssistant,createContentType,SiteContentType
08/18/2015 14:21:48,message,Added field to CT :EFMasterStatus,createContentType,SiteContentType
08/18/2015 14:21:48,message,Added field to CT :EFCoverageType,createContentType,SiteContentType
08/18/2015 14:21:48,message,Added field to CT :EFHasActiveClaims,createContentType,SiteContentType
08/18/2015 14:21:48,message,Added field to CT :EFIsSpotlight,createContentType,SiteContentType
08/18/2015 14:21:48,message,Added field to CT :EFIsConfidential,createContentType,SiteContentType
08/18/2015 14:21:49,message,Added field to CT :EFeFileCategory,createContentType,SiteContentType
08/18/2015 14:21:49,message,Added field to CT :EFUWStage,createContentType,SiteContentType
08/18/2015 14:21:49,message,Added field to CT :EFDepartment,createContentType,SiteContentType
08/18/2015 14:21:49,message,Added field to CT :EFeFileExpirationDate,createContentType,SiteContentType
08/18/2015 14:21:49,message,Added field to CT :EFeFileNote,createContentType,SiteContentType
08/18/2015 14:21:49,message,Added field to CT :EFRenewedPolicyNumber,createContentType,SiteContentType
08/18/2015 14:21:50,message,Added field to CT :EFSpotlightUsers,createContentType,SiteContentType
08/18/2015 14:21:50,message,Creating CT :eFileDSUSUND185,createContentType,SiteContentType
08/18/2015 14:21:52,message,Adding fields to CT :eFileDSUSUND185,createContentType,SiteContentType
08/18/2015 14:21:52,message,Added field to CT :EFCountry,createContentType,SiteContentType
08/18/2015 14:21:52,message,Added field to CT :EFFunction,createContentType,SiteContentType
08/18/2015 14:21:52,message,Added field to CT :EFBranch,createContentType,SiteContentType
08/18/2015 14:21:52,message,Added field to CT :EFOffice,createContentType,SiteContentType
08/18/2015 14:21:52,message,Added field to CT :EFGSCompany,createContentType,SiteContentType
08/18/2015 14:21:52,message,Added field to CT :EFLOB,createContentType,SiteContentType
08/18/2015 14:21:52,message,Added field to CT :EFRegion,createContentType,SiteContentType
08/18/2015 14:21:52,message,Added field to CT :EFRiskLocation,createContentType,SiteContentType
08/18/2015 14:21:52,message,Added field to CT :EFSubmissionNumber,createContentType,SiteContentType
08/18/2015 14:21:52,message,Added field to CT :EFPolicyNumber,createContentType,SiteContentType
08/18/2015 14:21:53,message,Added field to CT :EFPolicyYear,createContentType,SiteContentType
08/18/2015 14:21:53,message,Added field to CT :EFPolicyInceptionDate,createContentType,SiteContentType
08/18/2015 14:21:53,message,Added field to CT :EFPolicyExpiryDate,createContentType,SiteContentType
08/18/2015 14:21:53,message,Added field to CT :EFUnderwriter,createContentType,SiteContentType
08/18/2015 14:21:53,message,Added field to CT :EFInsuredName,createContentType,SiteContentType
08/18/2015 14:21:53,message,Added field to CT :EFInsuredCode,createContentType,SiteContentType
08/18/2015 14:21:53,message,Added field to CT :EFBrokerName,createContentType,SiteContentType
08/18/2015 14:21:53,message,Added field to CT :EFBrokerCode,createContentType,SiteContentType
08/18/2015 14:21:54,message,Added field to CT :EFProduct,createContentType,SiteContentType
08/18/2015 14:21:54,message,Added field to CT :EFUnderwritingAssistant,createContentType,SiteContentType
08/18/2015 14:21:54,message,Added field to CT :EFMasterStatus,createContentType,SiteContentType
08/18/2015 14:21:54,message,Added field to CT :EFCoverageType,createContentType,SiteContentType
08/18/2015 14:21:54,message,Added field to CT :EFHasActiveClaims,createContentType,SiteContentType
08/18/2015 14:21:54,message,Added field to CT :EFIsSpotlight,createContentType,SiteContentType
08/18/2015 14:21:54,message,Added field to CT :EFIsConfidential,createContentType,SiteContentType
08/18/2015 14:21:54,message,Added field to CT :EFeFileCategory,createContentType,SiteContentType
08/18/2015 14:21:55,message,Added field to CT :EFUWStage,createContentType,SiteContentType
08/18/2015 14:21:55,message,Added field to CT :EFDepartment,createContentType,SiteContentType
08/18/2015 14:21:55,message,Added field to CT :EFeFileExpirationDate,createContentType,SiteContentType
08/18/2015 14:21:55,message,Added field to CT :EFeFileNote,createContentType,SiteContentType
08/18/2015 14:21:55,message,Added field to CT :EFRenewedPolicyNumber,createContentType,SiteContentType
08/18/2015 14:21:56,message,Added field to CT :EFSpotlightUsers,createContentType,SiteContentType
08/18/2015 14:21:56,message,Creating CT :eFileDSCAUND185,createContentType,SiteContentType
08/18/2015 14:21:58,message,Adding fields to CT :eFileDSCAUND185,createContentType,SiteContentType
08/18/2015 14:21:58,message,Added field to CT :EFCountry,createContentType,SiteContentType
08/18/2015 14:21:58,message,Added field to CT :EFFunction,createContentType,SiteContentType
08/18/2015 14:21:58,message,Added field to CT :EFBranch,createContentType,SiteContentType
08/18/2015 14:21:58,message,Added field to CT :EFOffice,createContentType,SiteContentType
08/18/2015 14:21:58,message,Added field to CT :EFGSCompany,createContentType,SiteContentType
08/18/2015 14:21:58,message,Added field to CT :EFLOB,createContentType,SiteContentType
08/18/2015 14:21:58,message,Added field to CT :EFRegion,createContentType,SiteContentType
08/18/2015 14:21:58,message,Added field to CT :EFRiskLocation,createContentType,SiteContentType
08/18/2015 14:21:58,message,Added field to CT :EFSubmissionNumber,createContentType,SiteContentType
08/18/2015 14:21:58,message,Added field to CT :EFPolicyNumber,createContentType,SiteContentType
08/18/2015 14:21:58,message,Added field to CT :EFPolicyYear,createContentType,SiteContentType
08/18/2015 14:21:59,message,Added field to CT :EFPolicyInceptionDate,createContentType,SiteContentType
08/18/2015 14:21:59,message,Added field to CT :EFPolicyExpiryDate,createContentType,SiteContentType
08/18/2015 14:21:59,message,Added field to CT :EFUnderwriter,createContentType,SiteContentType
08/18/2015 14:21:59,message,Added field to CT :EFInsuredName,createContentType,SiteContentType
08/18/2015 14:21:59,message,Added field to CT :EFInsuredCode,createContentType,SiteContentType
08/18/2015 14:21:59,message,Added field to CT :EFBrokerName,createContentType,SiteContentType
08/18/2015 14:21:59,message,Added field to CT :EFBrokerCode,createContentType,SiteContentType
08/18/2015 14:21:59,message,Added field to CT :EFProduct,createContentType,SiteContentType
08/18/2015 14:22:00,message,Added field to CT :EFUnderwritingAssistant,createContentType,SiteContentType
08/18/2015 14:22:00,message,Added field to CT :EFMasterStatus,createContentType,SiteContentType
08/18/2015 14:22:00,message,Added field to CT :EFCoverageType,createContentType,SiteContentType
08/18/2015 14:22:00,message,Added field to CT :EFHasActiveClaims,createContentType,SiteContentType
08/18/2015 14:22:00,message,Added field to CT :EFIsSpotlight,createContentType,SiteContentType
08/18/2015 14:22:00,message,Added field to CT :EFIsConfidential,createContentType,SiteContentType
08/18/2015 14:22:00,message,Added field to CT :EFeFileCategory,createContentType,SiteContentType
08/18/2015 14:22:01,message,Added field to CT :EFUWStage,createContentType,SiteContentType
08/18/2015 14:22:01,message,Added field to CT :EFDepartment,createContentType,SiteContentType
08/18/2015 14:22:01,message,Added field to CT :EFeFileExpirationDate,createContentType,SiteContentType
08/18/2015 14:22:01,message,Added field to CT :EFeFileNote,createContentType,SiteContentType
08/18/2015 14:22:01,message,Added field to CT :EFRenewedPolicyNumber,createContentType,SiteContentType
08/18/2015 14:22:02,message,Added field to CT :EFSpotlightUsers,createContentType,SiteContentType
08/18/2015 14:22:02,message,Creating CT :eFileDSUND190,createContentType,SiteContentType
08/18/2015 14:22:04,message,Adding fields to CT :eFileDSUND190,createContentType,SiteContentType
08/18/2015 14:22:04,message,Added field to CT :EFCountry,createContentType,SiteContentType
08/18/2015 14:22:04,message,Added field to CT :EFFunction,createContentType,SiteContentType
08/18/2015 14:22:04,message,Added field to CT :EFBranch,createContentType,SiteContentType
08/18/2015 14:22:04,message,Added field to CT :EFOffice,createContentType,SiteContentType
08/18/2015 14:22:04,message,Added field to CT :EFGSCompany,createContentType,SiteContentType
08/18/2015 14:22:04,message,Added field to CT :EFLOB,createContentType,SiteContentType
08/18/2015 14:22:04,message,Added field to CT :EFRegion,createContentType,SiteContentType
08/18/2015 14:22:04,message,Added field to CT :EFRiskLocation,createContentType,SiteContentType
08/18/2015 14:22:04,message,Added field to CT :EFSubmissionNumber,createContentType,SiteContentType
08/18/2015 14:22:04,message,Added field to CT :EFPolicyNumber,createContentType,SiteContentType
08/18/2015 14:22:05,message,Added field to CT :EFPolicyYear,createContentType,SiteContentType
08/18/2015 14:22:05,message,Added field to CT :EFPolicyInceptionDate,createContentType,SiteContentType
08/18/2015 14:22:05,message,Added field to CT :EFPolicyExpiryDate,createContentType,SiteContentType
08/18/2015 14:22:05,message,Added field to CT :EFUnderwriter,createContentType,SiteContentType
08/18/2015 14:22:05,message,Added field to CT :EFInsuredName,createContentType,SiteContentType
08/18/2015 14:22:05,message,Added field to CT :EFInsuredCode,createContentType,SiteContentType
08/18/2015 14:22:05,message,Added field to CT :EFBrokerName,createContentType,SiteContentType
08/18/2015 14:22:05,message,Added field to CT :EFBrokerCode,createContentType,SiteContentType
08/18/2015 14:22:06,message,Added field to CT :EFProduct,createContentType,SiteContentType
08/18/2015 14:22:06,message,Added field to CT :EFUnderwritingAssistant,createContentType,SiteContentType
08/18/2015 14:22:06,message,Added field to CT :EFMasterStatus,createContentType,SiteContentType
08/18/2015 14:22:06,message,Added field to CT :EFCoverageType,createContentType,SiteContentType
08/18/2015 14:22:06,message,Added field to CT :EFHasActiveClaims,createContentType,SiteContentType
08/18/2015 14:22:06,message,Added field to CT :EFIsSpotlight,createContentType,SiteContentType
08/18/2015 14:22:07,message,Added field to CT :EFIsConfidential,createContentType,SiteContentType
08/18/2015 14:22:07,message,Added field to CT :EFeFileCategory,createContentType,SiteContentType
08/18/2015 14:22:07,message,Added field to CT :EFUWStage,createContentType,SiteContentType
08/18/2015 14:22:07,message,Added field to CT :EFDepartment,createContentType,SiteContentType
08/18/2015 14:22:07,message,Added field to CT :EFeFileExpirationDate,createContentType,SiteContentType
08/18/2015 14:22:07,message,Added field to CT :EFeFileNote,createContentType,SiteContentType
08/18/2015 14:22:08,message,Added field to CT :EFRenewedPolicyNumber,createContentType,SiteContentType
08/18/2015 14:22:08,message,Added field to CT :EFSpotlightUsers,createContentType,SiteContentType
08/18/2015 14:22:08,message,Creating CT :eFileDSCAPOL120,createContentType,SiteContentType
08/18/2015 14:22:10,message,Adding fields to CT :eFileDSCAPOL120,createContentType,SiteContentType
08/18/2015 14:22:10,message,Added field to CT :EFCountry,createContentType,SiteContentType
08/18/2015 14:22:10,message,Added field to CT :EFFunction,createContentType,SiteContentType
08/18/2015 14:22:10,message,Added field to CT :EFBranch,createContentType,SiteContentType
08/18/2015 14:22:10,message,Added field to CT :EFOffice,createContentType,SiteContentType
08/18/2015 14:22:10,message,Added field to CT :EFGSCompany,createContentType,SiteContentType
08/18/2015 14:22:10,message,Added field to CT :EFLOB,createContentType,SiteContentType
08/18/2015 14:22:10,message,Added field to CT :EFRegion,createContentType,SiteContentType
08/18/2015 14:22:10,message,Added field to CT :EFRiskLocation,createContentType,SiteContentType
08/18/2015 14:22:10,message,Added field to CT :EFSubmissionNumber,createContentType,SiteContentType
08/18/2015 14:22:11,message,Added field to CT :EFPolicyNumber,createContentType,SiteContentType
08/18/2015 14:22:11,message,Added field to CT :EFPolicyYear,createContentType,SiteContentType
08/18/2015 14:22:11,message,Added field to CT :EFPolicyInceptionDate,createContentType,SiteContentType
08/18/2015 14:22:11,message,Added field to CT :EFPolicyExpiryDate,createContentType,SiteContentType
08/18/2015 14:22:11,message,Added field to CT :EFUnderwriter,createContentType,SiteContentType
08/18/2015 14:22:11,message,Added field to CT :EFInsuredName,createContentType,SiteContentType
08/18/2015 14:22:11,message,Added field to CT :EFInsuredCode,createContentType,SiteContentType
08/18/2015 14:22:11,message,Added field to CT :EFBrokerName,createContentType,SiteContentType
08/18/2015 14:22:11,message,Added field to CT :EFBrokerCode,createContentType,SiteContentType
08/18/2015 14:22:12,message,Added field to CT :EFProduct,createContentType,SiteContentType
08/18/2015 14:22:12,message,Added field to CT :EFUnderwritingAssistant,createContentType,SiteContentType
08/18/2015 14:22:12,message,Added field to CT :EFMasterStatus,createContentType,SiteContentType
08/18/2015 14:22:12,message,Added field to CT :EFCoverageType,createContentType,SiteContentType
08/18/2015 14:22:12,message,Added field to CT :EFHasActiveClaims,createContentType,SiteContentType
08/18/2015 14:22:12,message,Added field to CT :EFIsSpotlight,createContentType,SiteContentType
08/18/2015 14:22:13,message,Added field to CT :EFIsConfidential,createContentType,SiteContentType
08/18/2015 14:22:13,message,Added field to CT :EFeFileCategory,createContentType,SiteContentType
08/18/2015 14:22:13,message,Added field to CT :EFUWStage,createContentType,SiteContentType
08/18/2015 14:22:13,message,Added field to CT :EFDepartment,createContentType,SiteContentType
08/18/2015 14:22:13,message,Added field to CT :EFeFileExpirationDate,createContentType,SiteContentType
08/18/2015 14:22:13,message,Added field to CT :EFeFileNote,createContentType,SiteContentType
08/18/2015 14:22:14,message,Added field to CT :EFRenewedPolicyNumber,createContentType,SiteContentType
08/18/2015 14:22:14,message,Added field to CT :EFSpotlightUsers,createContentType,SiteContentType
08/18/2015 14:22:14,message,Creating CT :eFileDSUSPOL110,createContentType,SiteContentType
08/18/2015 14:22:16,message,Adding fields to CT :eFileDSUSPOL110,createContentType,SiteContentType
08/18/2015 14:22:16,message,Added field to CT :EFCountry,createContentType,SiteContentType
08/18/2015 14:22:16,message,Added field to CT :EFFunction,createContentType,SiteContentType
08/18/2015 14:22:16,message,Added field to CT :EFBranch,createContentType,SiteContentType
08/18/2015 14:22:16,message,Added field to CT :EFOffice,createContentType,SiteContentType
08/18/2015 14:22:16,message,Added field to CT :EFGSCompany,createContentType,SiteContentType
08/18/2015 14:22:16,message,Added field to CT :EFLOB,createContentType,SiteContentType
08/18/2015 14:22:16,message,Added field to CT :EFRegion,createContentType,SiteContentType
08/18/2015 14:22:16,message,Added field to CT :EFRiskLocation,createContentType,SiteContentType
08/18/2015 14:22:16,message,Added field to CT :EFSubmissionNumber,createContentType,SiteContentType
08/18/2015 14:22:16,message,Added field to CT :EFPolicyNumber,createContentType,SiteContentType
08/18/2015 14:22:16,message,Added field to CT :EFPolicyYear,createContentType,SiteContentType
08/18/2015 14:22:17,message,Added field to CT :EFPolicyInceptionDate,createContentType,SiteContentType
08/18/2015 14:22:17,message,Added field to CT :EFPolicyExpiryDate,createContentType,SiteContentType
08/18/2015 14:22:17,message,Added field to CT :EFUnderwriter,createContentType,SiteContentType
08/18/2015 14:22:17,message,Added field to CT :EFInsuredName,createContentType,SiteContentType
08/18/2015 14:22:17,message,Added field to CT :EFInsuredCode,createContentType,SiteContentType
08/18/2015 14:22:17,message,Added field to CT :EFBrokerName,createContentType,SiteContentType
08/18/2015 14:22:17,message,Added field to CT :EFBrokerCode,createContentType,SiteContentType
08/18/2015 14:22:17,message,Added field to CT :EFProduct,createContentType,SiteContentType
08/18/2015 14:22:18,message,Added field to CT :EFUnderwritingAssistant,createContentType,SiteContentType
08/18/2015 14:22:18,message,Added field to CT :EFMasterStatus,createContentType,SiteContentType
08/18/2015 14:22:18,message,Added field to CT :EFCoverageType,createContentType,SiteContentType
08/18/2015 14:22:18,message,Added field to CT :EFHasActiveClaims,createContentType,SiteContentType
08/18/2015 14:22:18,message,Added field to CT :EFIsSpotlight,createContentType,SiteContentType
08/18/2015 14:22:18,message,Added field to CT :EFIsConfidential,createContentType,SiteContentType
08/18/2015 14:22:18,message,Added field to CT :EFeFileCategory,createContentType,SiteContentType
08/18/2015 14:22:19,message,Added field to CT :EFUWStage,createContentType,SiteContentType
08/18/2015 14:22:19,message,Added field to CT :EFDepartment,createContentType,SiteContentType
08/18/2015 14:22:19,message,Added field to CT :EFeFileExpirationDate,createContentType,SiteContentType
08/18/2015 14:22:19,message,Added field to CT :EFeFileNote,createContentType,SiteContentType
08/18/2015 14:22:19,message,Added field to CT :EFRenewedPolicyNumber,createContentType,SiteContentType
08/18/2015 14:22:20,message,Added field to CT :EFSpotlightUsers,createContentType,SiteContentType
08/18/2015 14:22:20,message,Creating CT :eFileDSUSPOL120,createContentType,SiteContentType
08/18/2015 14:22:22,message,Adding fields to CT :eFileDSUSPOL120,createContentType,SiteContentType
08/18/2015 14:22:22,message,Added field to CT :EFCountry,createContentType,SiteContentType
08/18/2015 14:22:22,message,Added field to CT :EFFunction,createContentType,SiteContentType
08/18/2015 14:22:22,message,Added field to CT :EFBranch,createContentType,SiteContentType
08/18/2015 14:22:22,message,Added field to CT :EFOffice,createContentType,SiteContentType
08/18/2015 14:22:22,message,Added field to CT :EFGSCompany,createContentType,SiteContentType
08/18/2015 14:22:22,message,Added field to CT :EFLOB,createContentType,SiteContentType
08/18/2015 14:22:22,message,Added field to CT :EFRegion,createContentType,SiteContentType
08/18/2015 14:22:22,message,Added field to CT :EFRiskLocation,createContentType,SiteContentType
08/18/2015 14:22:22,message,Added field to CT :EFSubmissionNumber,createContentType,SiteContentType
08/18/2015 14:22:22,message,Added field to CT :EFPolicyNumber,createContentType,SiteContentType
08/18/2015 14:22:23,message,Added field to CT :EFPolicyYear,createContentType,SiteContentType
08/18/2015 14:22:23,message,Added field to CT :EFPolicyInceptionDate,createContentType,SiteContentType
08/18/2015 14:22:23,message,Added field to CT :EFPolicyExpiryDate,createContentType,SiteContentType
08/18/2015 14:22:23,message,Added field to CT :EFUnderwriter,createContentType,SiteContentType
08/18/2015 14:22:23,message,Added field to CT :EFInsuredName,createContentType,SiteContentType
08/18/2015 14:22:23,message,Added field to CT :EFInsuredCode,createContentType,SiteContentType
08/18/2015 14:22:23,message,Added field to CT :EFBrokerName,createContentType,SiteContentType
08/18/2015 14:22:23,message,Added field to CT :EFBrokerCode,createContentType,SiteContentType
08/18/2015 14:22:24,message,Added field to CT :EFProduct,createContentType,SiteContentType
08/18/2015 14:22:24,message,Added field to CT :EFUnderwritingAssistant,createContentType,SiteContentType
08/18/2015 14:22:24,message,Added field to CT :EFMasterStatus,createContentType,SiteContentType
08/18/2015 14:22:24,message,Added field to CT :EFCoverageType,createContentType,SiteContentType
08/18/2015 14:22:24,message,Added field to CT :EFHasActiveClaims,createContentType,SiteContentType
08/18/2015 14:22:24,message,Added field to CT :EFIsSpotlight,createContentType,SiteContentType
08/18/2015 14:22:24,message,Added field to CT :EFIsConfidential,createContentType,SiteContentType
08/18/2015 14:22:25,message,Added field to CT :EFeFileCategory,createContentType,SiteContentType
08/18/2015 14:22:25,message,Added field to CT :EFUWStage,createContentType,SiteContentType
08/18/2015 14:22:25,message,Added field to CT :EFDepartment,createContentType,SiteContentType
08/18/2015 14:22:25,message,Added field to CT :EFeFileExpirationDate,createContentType,SiteContentType
08/18/2015 14:22:25,message,Added field to CT :EFeFileNote,createContentType,SiteContentType
08/18/2015 14:22:26,message,Added field to CT :EFRenewedPolicyNumber,createContentType,SiteContentType
08/18/2015 14:22:26,message,Added field to CT :EFSpotlightUsers,createContentType,SiteContentType
08/18/2015 14:22:26,message, ContentType Creation - Completed,GlobalCall,SiteContentType
08/18/2015 14:22:30,message,Adding PowerShell Snapin,GlobalCall,SetupManagedProperties
08/18/2015 14:22:33,message,PowerShell Snapin added successfully,GlobalCall,SetupManagedProperties
08/18/2015 14:22:33,message,RM Policy Creation - Started,GlobalCall,eFileRetenationPolicy
08/18/2015 14:22:44,message,RM Policy Created on eFileDSUND205,MainCall,eFileRetentionPolicy
08/18/2015 14:22:47,message,RM Policy Created on eFileDSUND196,MainCall,eFileRetentionPolicy
08/18/2015 14:22:49,message,RM Policy Created on eFileDSUND180,MainCall,eFileRetentionPolicy
08/18/2015 14:22:50,message,RM Policy Created on eFileDSUND181,MainCall,eFileRetentionPolicy
08/18/2015 14:22:52,message,RM Policy Created on eFileDSUSUND185,MainCall,eFileRetentionPolicy
08/18/2015 14:22:54,message,RM Policy Created on eFileDSCAUND185,MainCall,eFileRetentionPolicy
08/18/2015 14:22:56,message,RM Policy Created on eFileDSUND190,MainCall,eFileRetentionPolicy
08/18/2015 14:22:57,message,RM Policy Created on eFileDSCAPOL120,MainCall,eFileRetentionPolicy
08/18/2015 14:22:59,message,RM Policy Created on eFileDSUSPOL110,MainCall,eFileRetentionPolicy
08/18/2015 14:23:01,message,RM Policy Created on eFileDSUSPOL120,MainCall,eFileRetentionPolicy
08/18/2015 14:23:01,message,RM Policy Creation - Completed,GlobalCall,eFileRetenationPolicy
08/18/2015 14:23:09,message,Setting CT Hub url:http://in-cld-udms1:10000/sites/efilemanager to MMS:Managed Metadata Service,Publish-ContentTypeHub,PublishContentTypes
08/18/2015 14:23:10,message,Setting Managed Metadata Service properties to true,Publish-ContentTypeHub,PublishContentTypes
08/18/2015 14:23:10,message,Loop through CT to publish,Publish-ContentTypeHub,PublishContentTypes
08/18/2015 14:23:19,message,eFileDocumenthas been republished,Publish-ContentTypeHub,PublishContentTypeHub
08/18/2015 14:23:33,message,eFileDShas been republished,Publish-ContentTypeHub,PublishContentTypeHub
08/18/2015 14:23:36,message,eFileDSUND180has been republished,Publish-ContentTypeHub,PublishContentTypeHub
08/18/2015 14:23:39,message,eFileDSUND181has been republished,Publish-ContentTypeHub,PublishContentTypeHub
08/18/2015 14:23:43,message,eFileDSUND196has been republished,Publish-ContentTypeHub,PublishContentTypeHub
08/18/2015 14:23:47,message,eFileDSUND205has been republished,Publish-ContentTypeHub,PublishContentTypeHub
08/18/2015 14:23:49,message,eFileDSUSUND185has been republished,Publish-ContentTypeHub,PublishContentTypeHub
08/18/2015 14:23:52,message,eFileDSCAUND185has been republished,Publish-ContentTypeHub,PublishContentTypeHub
08/18/2015 14:23:56,message,eFileDSUND190has been republished,Publish-ContentTypeHub,PublishContentTypeHub
08/18/2015 14:23:59,message,eFileDSCAPOL120has been republished,Publish-ContentTypeHub,PublishContentTypeHub
08/18/2015 14:24:03,message,eFileDSUSPOL110has been republished,Publish-ContentTypeHub,PublishContentTypeHub
08/18/2015 14:24:06,message,eFileDSUSPOL120has been republished,Publish-ContentTypeHub,PublishContentTypeHub
08/18/2015 14:24:06,message,Publish Content Type in CT Hub - Completed ,GlobalCall,PublishContentTypes
