<?xml version="1.0" encoding="UTF-8"?>
<SiteColumns>
  <Columns AllowedCT="eFileDocument">
    <Field Name= "EFCountry"></Field>
    <Field Name= "EFSourceSystemName"></Field>
    <Field Name= "EFZone"></Field>
    <Field Name= "EFFunction"></Field>
    <Field Name= "EFBranchName"></Field>
    <Field Name= "EFBranchCode"></Field>
    <Field Name= "EFCompany"></Field>
    <Field Name= "EFLOB"></Field>
    <Field Name= "EFRiskLocation"></Field>
    <Field Name= "EFQuoteNumber"></Field>
    <Field Name= "EFBatchNumber"></Field>
    <Field Name= "EFCaseId"></Field>
    <Field Name= "EFPolicyNumber"></Field>
    <Field Name= "EFPreviousPolicyNumber"></Field>
    <Field Name= "EFPolicyYear"></Field>
    <Field Name= "EFPolicyInceptionDate"></Field>
    <Field Name= "EFPolicyExpiryDate"></Field>
    <Field Name= "EFUnderwriter"></Field>
    <Field Name= "EFInsuredName"></Field>
    <Field Name= "EFInsuredCode"></Field>
    <Field Name= "EFIntermediaryName"></Field>
    <Field Name= "EFIntermediaryCode"></Field>
    <Field Name= "EFSMName"></Field>
    <Field Name= "EFSMCode"></Field>
    <Field Name= "EFProduct" ></Field>
    <Field Name= "EFUnderwritingAssistant" ></Field>
    <Field Name= "EFMasterStatus" ></Field>
    <Field Name= "EFIsSpotlight"></Field>
    <Field Name= "EFIsConfidential"></Field>
    <Field Name= "EFeFileCategory"></Field>
    <Field Name= "EFUWStage"></Field>
    <Field Name= "EFeFileExpirationDate"></Field>
    <Field Name= "EFeFileNote"></Field>
  </Columns>
</SiteColumns>