<?xml version="1.0" encoding="UTF-8"?>
<SiteColumns>
  <Columns url="http://IN-KA-DC-PECMW1/sites/efilemanager">
    <Field Sealed="FALSE" Required="TRUE"  ShowInEditForm =  "TRUE" ShowInNewForm = "FALSE" ShowInFileDlg = "FALSE" Group="eFile Manager" Name="EFCountry" DisplayName="Country" Type="Text">
      <Default>India</Default>
    </Field>
    <Field Sealed="FALSE" Required="TRUE"  ShowInEditForm =  "TRUE" ShowInNewForm = "FALSE" ShowInFileDlg = "FALSE" Group="eFile Manager" Name="EFSourceSystemName" DisplayName="SourceSystemName" Type="Text"/>
    <Field Sealed="FALSE" Required="FALSE"  ShowInEditForm =  "TRUE" ShowInNewForm = "FALSE" ShowInFileDlg = "FALSE" Group="eFile Manager" Name="EFZone" DisplayName="Zone" Type="Text"/>
    <Field Sealed="FALSE" Required="FALSE"  ShowInEditForm =  "TRUE" ShowInNewForm = "FALSE" ShowInFileDlg = "FALSE" Group="eFile Manager" Name="EFSubject" DisplayName="Subject" Type="Text"/>
    <Field Sealed="FALSE" Required="TRUE"  ShowInEditForm =  "TRUE" ShowInNewForm = "FALSE" ShowInFileDlg = "FALSE" Group="eFile Manager" Name="EFFunction" DisplayName="Function" Type="Text"/>
    <Field Sealed="FALSE" Required="TRUE"  ShowInEditForm =  "TRUE" ShowInNewForm = "FALSE" ShowInFileDlg = "FALSE" Group="eFile Manager" Name="EFBranchName" DisplayName="BranchName" Type="Text"/>
    <Field Sealed="FALSE" Required="TRUE"  ShowInEditForm =  "TRUE" ShowInNewForm = "FALSE" ShowInFileDlg = "FALSE" Group="eFile Manager" Name="EFBranchCode" DisplayName="BranchCode" Type="Text"/>
    <Field Sealed="FALSE" Required="TRUE"  ShowInEditForm =  "TRUE" ShowInNewForm = "FALSE" ShowInFileDlg = "FALSE" Group="eFile Manager" Name="EFCompany" DisplayName="Company" Type="Text">
      <Default>LVGi</Default>
    </Field>
    <Field Sealed="FALSE" Required="TRUE"  ShowInEditForm =  "TRUE" ShowInNewForm = "FALSE" ShowInFileDlg = "FALSE" Group="eFile Manager" Name="EFLOB" DisplayName="LOB" Type="Text"/>
    <Field Sealed="FALSE" Required="TRUE"  ShowInEditForm =  "TRUE" ShowInNewForm = "FALSE" ShowInFileDlg = "FALSE" Group="eFile Manager" Name="EFRiskLocation" DisplayName="RiskLocation" Type="Text"/>
    <Field Sealed="FALSE" Required="FALSE"  ShowInEditForm =  "TRUE" ShowInNewForm = "FALSE" ShowInFileDlg = "FALSE" Group="eFile Manager" Name="EFQuoteNumber" DisplayName="QuoteNumber" Type="Text"/>
    <Field Sealed="FALSE" Required="FALSE"  ShowInEditForm =  "TRUE" ShowInNewForm = "FALSE" ShowInFileDlg = "FALSE" Group="eFile Manager" Name="EFBatchNumber" DisplayName="BatchNumber" Type="Text"/>
    <Field Sealed="FALSE" Required="FALSE"  ShowInEditForm =  "TRUE" ShowInNewForm = "FALSE" ShowInFileDlg = "FALSE" Group="eFile Manager" Name="EFCaseId" DisplayName="CaseId" Type="Text"/>
    <Field Sealed="FALSE" Required="FALSE"  ShowInEditForm =  "TRUE" ShowInNewForm = "FALSE" ShowInFileDlg = "FALSE" Group="eFile Manager" Name="EFPolicyNumber" DisplayName="PolicyNumber" Type="Text"/>
    <Field Sealed="FALSE" Required="FALSE"  ShowInEditForm =  "TRUE" ShowInNewForm = "FALSE" ShowInFileDlg = "FALSE" Group="eFile Manager" Name="EFPreviousPolicyNumber" DisplayName="PreviousPolicyNumber" Type="Text"/>
    <Field Sealed="FALSE" Required="TRUE"  ShowInEditForm =  "TRUE" ShowInNewForm = "FALSE" ShowInFileDlg = "FALSE" Group="eFile Manager" Name="EFPolicyYear" DisplayName="PolicyYear" Type="Text"/>
    <Field Sealed="FALSE" Required="TRUE"  ShowInEditForm =  "TRUE" ShowInNewForm = "FALSE" ShowInFileDlg = "FALSE" Group="eFile Manager" Name="EFPolicyInceptionDate" DisplayName="PolicyInceptionDate" Type="DateTime"/>
    <Field Sealed="FALSE" Required="TRUE"  ShowInEditForm =  "TRUE" ShowInNewForm = "FALSE" ShowInFileDlg = "FALSE" Group="eFile Manager" Name="EFPolicyExpiryDate" DisplayName="PolicyExpiryDate" Type="DateTime"/>
    <Field Sealed="FALSE" Required="FALSE"  ShowInEditForm =  "TRUE" ShowInNewForm = "FALSE" ShowInFileDlg = "FALSE" Group="eFile Manager" Name="EFUnderwriter" DisplayName="Underwriter" Type="User"/>
    <Field Sealed="FALSE" Required="TRUE"  ShowInEditForm =  "TRUE" ShowInNewForm = "FALSE" ShowInFileDlg = "FALSE" Group="eFile Manager" Name="EFInsuredName" DisplayName="InsuredName" Type="Text"/>
    <Field Sealed="FALSE" Required="TRUE"  ShowInEditForm =  "TRUE" ShowInNewForm = "FALSE" ShowInFileDlg = "FALSE" Group="eFile Manager" Name="EFInsuredCode" DisplayName="InsuredCode" Type="Text"/>
    <Field Sealed="FALSE" Required="TRUE"  ShowInEditForm =  "TRUE" ShowInNewForm = "FALSE" ShowInFileDlg = "FALSE" Group="eFile Manager" Name="EFIntermediaryName" DisplayName="IntermediaryName" Type="Text"/>
    <Field Sealed="FALSE" Required="TRUE"  ShowInEditForm =  "TRUE" ShowInNewForm = "FALSE" ShowInFileDlg = "FALSE" Group="eFile Manager" Name="EFIntermediaryCode" DisplayName="IntermediaryCode" Type="Text"/>
    <Field Sealed="FALSE" Required="FALSE"  ShowInEditForm =  "TRUE" ShowInNewForm = "FALSE" ShowInFileDlg = "FALSE" Group="eFile Manager" Name="EFSMName" DisplayName="SMName" Type="Text"/>
    <Field Sealed="FALSE" Required="FALSE"  ShowInEditForm =  "TRUE" ShowInNewForm = "FALSE" ShowInFileDlg = "FALSE" Group="eFile Manager" Name="EFSMCode" DisplayName="SMCode" Type="Text"/>
    <Field Sealed="FALSE" Required="TRUE"  ShowInEditForm =  "TRUE" ShowInNewForm = "FALSE" ShowInFileDlg = "FALSE" Group="eFile Manager" Name="EFProduct" DisplayName="Product" Type="Text"/>
    <Field Sealed="FALSE" Required="FALSE"  ShowInEditForm =  "TRUE" ShowInNewForm = "FALSE" ShowInFileDlg = "FALSE" Group="eFile Manager" Name="EFUnderwritingAssistant" DisplayName="UnderwritingAssistant" Type="User"/>
    <Field Sealed="FALSE" Required="TRUE"  ShowInEditForm =  "TRUE" ShowInNewForm = "FALSE" ShowInFileDlg = "FALSE" Group="eFile Manager" Name="EFMasterStatus" DisplayName="MasterStatus" Type="Text"/>
    <Field Sealed="FALSE" Required="FALSE"  ShowInEditForm =  "TRUE" ShowInNewForm = "FALSE" ShowInFileDlg = "FALSE" Group="eFile Manager" Name="EFeFileExpirationDate" DisplayName="eFileExpirationDate" Type="DateTime"/>
    <Field Sealed="FALSE" Required="FALSE"  ShowInEditForm =  "TRUE" ShowInNewForm = "FALSE" ShowInFileDlg = "FALSE" Group="eFile Manager" Name="EFeFileNote" DisplayName="eFileNote" Type="Note"/>
    <Field Required="FALSE" Group="eFile Manager" ShowInEditForm =  "TRUE" ShowInNewForm = "FALSE" ShowInFileDlg = "FALSE" Name="EFIsSpotlight" DisplayName="IsSpotlight" Type="Choice" FillInChoice="FALSE" Format="Dropdown">
      <CHOICES>
        <CHOICE>Yes</CHOICE>
        <CHOICE>No</CHOICE>
      </CHOICES>
      <Default>No</Default>
    </Field>
    <Field Required="FALSE" Group="eFile Manager" ShowInEditForm =  "TRUE" ShowInNewForm = "FALSE" ShowInFileDlg = "FALSE" Name="EFIsConfidential" DisplayName="IsConfidential" Type="Choice" FillInChoice="FALSE" Format="Dropdown">
      <CHOICES>
        <CHOICE>Yes</CHOICE>
        <CHOICE>No</CHOICE>
      </CHOICES>
      <Default>No</Default>
    </Field>
    <Field Required="TRUE" Group="eFile Manager" ShowInEditForm =  "TRUE" ShowInNewForm = "FALSE" ShowInFileDlg = "FALSE" Name="EFeFileCategory" DisplayName="eFileCategory" Type="Choice" FillInChoice="FALSE" Format="Dropdown">
      <CHOICES>
      <CHOICE>Case</CHOICE>
      <CHOICE>Policy</CHOICE>
      </CHOICES>
      <Default>Case</Default>
    </Field>
    <Field Sealed="FALSE" Required="FALSE"  ShowInEditForm =  "TRUE" ShowInNewForm = "FALSE" ShowInFileDlg = "FALSE" Group="eFile Manager" Name="EFUWStage" DisplayName="UWStage" Type="Choice" Format="Dropdown">
      <CHOICES>
        <CHOICE>Submission</CHOICE>
        <CHOICE>Quoted</CHOICE>
        <CHOICE>Bound</CHOICE>
        <CHOICE>Booked</CHOICE>
        <CHOICE>To Be Issued</CHOICE>
        <CHOICE>Issued</CHOICE>
        <CHOICE>Closed/Declined</CHOICE>
        <CHOICE>Completed</CHOICE>
        <CHOICE>Mid Term - Booked</CHOICE>
        <CHOICE>Mid Term - Endorsement</CHOICE>
      </CHOICES>
      <Default>Submission</Default>
    </Field>
    <Field Required="TRUE" Group="eFile Manager"  Name="EFDocumentStatus" DisplayName="DocumentStatus" Type="Choice" FillInChoice="FALSE" Format="Dropdown">
      <CHOICES>
        <CHOICE>Final</CHOICE>
        <CHOICE>Draft</CHOICE>
      </CHOICES>
      <Default>Final</Default>
    </Field>
    <Field Required="TRUE" Group="eFile Manager" Name="EFDocumentTitle" DisplayName="DocumentTitle" Type="Text"/>
    <Field Sealed="FALSE" Required="FALSE" Hidden="FALSE" ShowInEditForm =  "TRUE" ShowInNewForm = "FALSE" ShowInFileDlg = "FALSE"  Group="eFile Manager" Name="EFEmailDate" DisplayName="EmailDate" Type="DateTime"/>
    <Field Sealed="FALSE" Required="FALSE" Hidden="FALSE" ShowInEditForm =  "TRUE" ShowInNewForm = "FALSE" ShowInFileDlg = "FALSE"  Group="eFile Manager" Name="EFEmailCC" DisplayName="EmailCC" Type="Text"/>
    <Field Sealed="FALSE" Required="FALSE" Hidden="FALSE" ShowInEditForm =  "TRUE" ShowInNewForm = "FALSE" ShowInFileDlg = "FALSE"  Group="eFile Manager" Name="EFEmailTo" DisplayName="EmailTo" Type="Text"/>
    <Field Sealed="FALSE" Required="FALSE" Hidden="FALSE" ShowInEditForm =  "TRUE" ShowInNewForm = "FALSE" ShowInFileDlg = "FALSE" Group="eFile Manager" Name="EFEmailFrom" DisplayName="EmailFrom" Type="Text"/>
    <Field Required="TRUE" Group="eFile Manager"  Name="EFeFileDocumentGroup" DisplayName="eFileDocumentGroup" Type="Choice" FillInChoice="FALSE" Format="Dropdown">
      <CHOICES>
        <CHOICE>Booking</CHOICE>
        <CHOICE>Claims</CHOICE>
        <CHOICE>Customer</CHOICE>
        <CHOICE>Policy Documentation</CHOICE>
      </CHOICES>
      <Default></Default>
    </Field>
    <Field Required="TRUE" Group="eFile Manager" Name="EFeFileDocumentType" DisplayName="eFileDocumentType" Type="Choice" FillInChoice="FALSE" Format="Dropdown">
      <CHOICES>
        <CHOICE>Approvals</CHOICE>
        <CHOICE>Correspondence</CHOICE>
        <CHOICE>Finance and Compliance</CHOICE>
        <CHOICE>Quotes/Proposals</CHOICE>
        <CHOICE>Supporting Documents</CHOICE>
        <CHOICE>Claim Form</CHOICE>
        <CHOICE>Claim Loss information</CHOICE>
        <CHOICE>Identification</CHOICE>
        <CHOICE>Investigation</CHOICE>
        <CHOICE>Risk information</CHOICE>
      </CHOICES>
      <Default></Default>
    </Field>
    <Field Sealed="FALSE" Type="UserMulti" DisplayName="SpotlightUsers" List="UserInfo" Required="FALSE" EnforceUniqueValues="FALSE" ShowField="ImnName" UserSelectionMode="PeopleOnly" UserSelectionScope="0" Mult="TRUE" Sortable="FALSE" ShowInEditForm="FALSE" ShowInNewForm="FALSE" ShowInFileDlg="FALSE" Group="eFile Manager" ID="{0a319083-29fd-4686-bc05-ad08a4ae07fd}"  StaticName="EFSpotlightUsers" Name="EFSpotlightUsers" ColName="int7" RowOrdinal="0" Version="1" />
  </Columns>
</SiteColumns>


