<?xml version="1.0" encoding="utf-8"?>
<ContentTypes url="http://IN-KA-DC-PECMW1/sites/efilemanager">
  <ContentType ID="0x01010004C04B840F01E14BB433D64411E185C5" ParentType="Document" Name="eFileDocument" Group="eFile Manager Content Types" Description="Create a new document.">
    <Fields>
      <Field Name= "EFDocumentStatus" ></Field>
      <Field Name= "EFDocumentTitle" ></Field>
      <Field Name= "EFEmailDate" ></Field>
      <Field Name= "EFEmailTo" ></Field>
      <Field Name= "EFEmailFrom" ></Field>
      <Field Name= "EFEmailCC" ></Field>
      <Field Name= "EFeFileDocumentGroup"></Field>
      <Field Name= "EFeFileDocumentType"></Field>
      <Field Name= "EFSubject"></Field>
    </Fields>
  </ContentType>
  <ContentType ID="0x01010004C04B840F01E14BB433D64411E185C4" ParentType="Document Set" Name="eFileDS" Group="eFile Manager Content Types" Description="Create a new document.">
    <Fields>
      <Field Name= "EFCountry"></Field>
      <Field Name= "EFSourceSystemName"></Field>
      <Field Name= "EFZone"></Field>
      <Field Name= "EFFunction"></Field>
      <Field Name= "EFBranchName"></Field>
      <Field Name= "EFBranchCode"></Field>
      <Field Name= "EFCompany"></Field>
      <Field Name= "EFLOB"></Field>
      <Field Name= "EFRiskLocation"></Field>
      <Field Name= "EFQuoteNumber"></Field>
      <Field Name= "EFBatchNumber"></Field>
      <Field Name= "EFCaseId"></Field>
      <Field Name= "EFPolicyNumber"></Field>
      <Field Name= "EFPreviousPolicyNumber"></Field>
      <Field Name= "EFPolicyYear"></Field>
      <Field Name= "EFPolicyInceptionDate"></Field>
      <Field Name= "EFPolicyExpiryDate"></Field>
      <Field Name= "EFUnderwriter"></Field>
      <Field Name= "EFInsuredName"></Field>
      <Field Name= "EFInsuredCode"></Field>
      <Field Name= "EFIntermediaryName"></Field>
      <Field Name= "EFIntermediaryCode"></Field>
      <Field Name= "EFSMName"></Field>
      <Field Name= "EFSMCode"></Field>
      <Field Name= "EFProduct" ></Field>
      <Field Name= "EFUnderwritingAssistant" ></Field>
      <Field Name= "EFMasterStatus" ></Field>
      <Field Name= "EFIsSpotlight"></Field>
      <Field Name= "EFIsConfidential"></Field>
      <Field Name= "EFeFileCategory"></Field>
      <Field Name= "EFUWStage"></Field>
      <Field Name= "EFeFileExpirationDate"></Field>
      <Field Name= "EFeFileNote"></Field>
      <Field Name= "EFSpotlightUsers"></Field>
    </Fields>
  </ContentType>
  <ContentType ID="0x01010004C04B840F01E14BB433D64411E185C0" ParentType="Document Set" Name="eFileDS84" Group="eFile Manager Content Types" Description="Create a new document.">
    <Fields>
      <Field Name= "EFCountry"></Field>
      <Field Name= "EFSourceSystemName"></Field>
      <Field Name= "EFZone"></Field>
      <Field Name= "EFFunction"></Field>
      <Field Name= "EFBranchName"></Field>
      <Field Name= "EFBranchCode"></Field>
      <Field Name= "EFCompany"></Field>
      <Field Name= "EFLOB"></Field>
      <Field Name= "EFRiskLocation"></Field>
      <Field Name= "EFQuoteNumber"></Field>
      <Field Name= "EFBatchNumber"></Field>
      <Field Name= "EFCaseId"></Field>
      <Field Name= "EFPolicyNumber"></Field>
      <Field Name= "EFPreviousPolicyNumber"></Field>
      <Field Name= "EFPolicyYear"></Field>
      <Field Name= "EFPolicyInceptionDate"></Field>
      <Field Name= "EFPolicyExpiryDate"></Field>
      <Field Name= "EFUnderwriter"></Field>
      <Field Name= "EFInsuredName"></Field>
      <Field Name= "EFInsuredCode"></Field>
      <Field Name= "EFIntermediaryName"></Field>
      <Field Name= "EFIntermediaryCode"></Field>
      <Field Name= "EFSMName"></Field>
      <Field Name= "EFSMCode"></Field>
      <Field Name= "EFProduct" ></Field>
      <Field Name= "EFUnderwritingAssistant" ></Field>
      <Field Name= "EFMasterStatus" ></Field>
      <Field Name= "EFIsSpotlight"></Field>
      <Field Name= "EFIsConfidential"></Field>
      <Field Name= "EFeFileCategory"></Field>
      <Field Name= "EFUWStage"></Field>
      <Field Name= "EFeFileExpirationDate"></Field>
      <Field Name= "EFeFileNote"></Field>
      <Field Name= "EFSpotlightUsers"></Field>
    </Fields>
  </ContentType>
</ContentTypes>