﻿<?xml version="1.0" encoding="utf-8"?>
<Elements xmlns="http://schemas.microsoft.com/sharepoint/">
  <Module Name="SearchCenterStyleLibrary" Url="Style Library">
    <File Path="SearchCenterStyleLibrary\ECM\css\jquery-ui.min.css" Url="ECM/css/jquery-ui.min.css" Type="GhostableInLibrary" Level="Published" ReplaceContent="TRUE" />
    <File Path="SearchCenterStyleLibrary\ECM\scripts\jquery-1.10.2.min.js" Url="ECM/scripts/jquery-1.10.2.min.js" Type="GhostableInLibrary" Level="Published" ReplaceContent="TRUE" />
    <File Path="SearchCenterStyleLibrary\ECM\scripts\jquery-ui.min.js" Url="ECM/scripts/jquery-ui.min.js" Type="GhostableInLibrary" Level="Published" ReplaceContent="TRUE" />
    <File Path="SearchCenterStyleLibrary\ECM\css\images\ui-bg_flat_0_aaaaaa_40x100.png" Url="ECM/css/images/ui-bg_flat_0_aaaaaa_40x100.png" Type="GhostableInLibrary" Level="Published" ReplaceContent="TRUE" />
    <File Path="SearchCenterStyleLibrary\ECM\css\images\ui-bg_flat_75_ffffff_40x100.png" Url="ECM/css/images/ui-bg_flat_75_ffffff_40x100.png" Type="GhostableInLibrary" Level="Published" ReplaceContent="TRUE" />
    <File Path="SearchCenterStyleLibrary\ECM\css\images\ui-bg_glass_55_fbf9ee_1x400.png" Url="ECM/css/images/ui-bg_glass_55_fbf9ee_1x400.png" Type="GhostableInLibrary" Level="Published" ReplaceContent="TRUE" />
    <File Path="SearchCenterStyleLibrary\ECM\css\images\ui-bg_glass_65_ffffff_1x400.png" Url="ECM/css/images/ui-bg_glass_65_ffffff_1x400.png" Type="GhostableInLibrary" Level="Published" ReplaceContent="TRUE" />
    <File Path="SearchCenterStyleLibrary\ECM\css\images\ui-bg_glass_75_dadada_1x400.png" Url="ECM/css/images/ui-bg_glass_75_dadada_1x400.png" Type="GhostableInLibrary" Level="Published" ReplaceContent="TRUE" />
    <File Path="SearchCenterStyleLibrary\ECM\css\images\ui-bg_glass_75_e6e6e6_1x400.png" Url="ECM/css/images/ui-bg_glass_75_e6e6e6_1x400.png" Type="GhostableInLibrary" Level="Published" ReplaceContent="TRUE" />
    <File Path="SearchCenterStyleLibrary\ECM\css\images\ui-bg_glass_95_fef1ec_1x400.png" Url="ECM/css/images/ui-bg_glass_95_fef1ec_1x400.png" Type="GhostableInLibrary" Level="Published" ReplaceContent="TRUE" />
    <File Path="SearchCenterStyleLibrary\ECM\css\images\ui-bg_highlight-soft_75_cccccc_1x100.png" Url="ECM/css/images/ui-bg_highlight-soft_75_cccccc_1x100.png" Type="GhostableInLibrary" Level="Published" ReplaceContent="TRUE" />
    <File Path="SearchCenterStyleLibrary\ECM\css\images\ui-icons_222222_256x240.png" Url="ECM/css/images/ui-icons_222222_256x240.png" Type="GhostableInLibrary" Level="Published" ReplaceContent="TRUE" />
    <File Path="SearchCenterStyleLibrary\ECM\css\images\ui-icons_2e83ff_256x240.png" Url="ECM/css/images/ui-icons_2e83ff_256x240.png" Type="GhostableInLibrary" Level="Published" ReplaceContent="TRUE" />
    <File Path="SearchCenterStyleLibrary\ECM\css\images\ui-icons_454545_256x240.png" Url="ECM/css/images/ui-icons_454545_256x240.png" Type="GhostableInLibrary" Level="Published" ReplaceContent="TRUE" />
    <File Path="SearchCenterStyleLibrary\ECM\css\images\ui-icons_888888_256x240.png" Url="ECM/css/images/ui-icons_888888_256x240.png" Type="GhostableInLibrary" Level="Published" ReplaceContent="TRUE" />
    <File Path="SearchCenterStyleLibrary\ECM\css\images\ui-icons_cd0a0a_256x240.png" Url="ECM/css/images/ui-icons_cd0a0a_256x240.png" Type="GhostableInLibrary" Level="Published" ReplaceContent="TRUE" />
    <File Path="SearchCenterStyleLibrary\ECM\images\ui-icons_222222_256x240.png" Url="ECM/images/ui-icons_222222_256x240.png" Type="GhostableInLibrary" Level="Published" ReplaceContent="TRUE" />
    <File Path="SearchCenterStyleLibrary\ECM\css\ecm_search.css" Url="ECM/css/ecm_search.css" Type="GhostableInLibrary" Level="Published" ReplaceContent="TRUE" />
    <File Path="SearchCenterStyleLibrary\ECM\scripts\ecmsearch_init.js" Url="ECM/scripts/ecmsearch_init.js" />
  </Module>
</Elements>