<?xml version="1.0" encoding="utf-8"?>
<Deployment>
  <SiteCollectionURL>http://IN-KA-DC-PECMW1/sites/SearchCenter</SiteCollectionURL>
  <ConfigList>GhostValuesConfigList</ConfigList>
  <Field Type="Note" DisplayName="Value" Required="FALSE" EnforceUniqueValues="FALSE" Indexed="FALSE" MaxLength="255" StaticName="Value" Name="Value" ColName="ntext2" RowOrdinal="0" Version="1" />
  <!--Config Entries-->
  <Entries>
    <Entry>
      <Title>EFBatchNumberOWSTEXT</Title>
      <Value>enter all or part of the Batch Number</Value>
    </Entry>
    <Entry>
      <Title>EFBranchCodeOWSTEXT</Title>
      <Value>enter all or part of the Branch Code</Value>
    </Entry>
    <Entry>
      <Title>EFBranchNameOWSTEXT</Title>
      <Value>enter all or part of the Branch Name</Value>
    </Entry>
    <Entry>
      <Title>EFCaseIdOWSTEXT</Title>
      <Value>enter all or part of the Case Id</Value>
    </Entry>
    <Entry>
      <Title>ClaimNumberOWSTEXT</Title>
      <Value>enter all or part of the Claim Number</Value>
    </Entry>
    <Entry>
      <Title>EndorsementNumberOWSTEXT</Title>
      <Value>enter all or part of the Endorsement Number</Value>
    </Entry>
    <Entry>
      <Title>EFPolicyExpiryDateRefOWSDATE</Title>
      <Value>enter an Expiration Date using the date picker</Value>
    </Entry>
    <Entry>
      <Title>EFPolicyInceptionDateRefOWSDATE</Title>
      <Value>enter an Inception Date using the date picker</Value>
    </Entry>
    <Entry>
      <Title>EFInsuredNameOWSTEXT</Title>
      <Value>enter all or part of the Insured Name</Value>
    </Entry>
    <Entry>
       <Title>EFIntermediaryCodeOWSTEXT</Title>
       <Value>enter all or part of the IMD Code</Value>
    </Entry>
    <Entry>
        <Title>EFIntermediaryNameOWSTEXT</Title>
        <Value>enter all or part of the IMD Name</Value>
      </Entry>
    <Entry>
        <Title>EFLOBOWSTEXT</Title>
        <Value>enter all or part of the Line of Business</Value>
      </Entry>
    <Entry>
        <Title>EFPolicyNumberOWSTEXT</Title>
        <Value>enter all or part of the Policy Number</Value>
      </Entry>
    <Entry>
        <Title>EFProductOWSTEXT</Title>
        <Value>enter all or part of the Product Name</Value>
      </Entry>
    <Entry>
        <Title>EFQuoteNumberOWSTEXT</Title>
        <Value>enter all or part of the Quote Number</Value>
      </Entry>
    <Entry>
      <Title>EFSourceSystemNameOWSTEXT</Title>
      <Value>enter all or part of the Source System Name</Value>
    </Entry>
    <Entry>
        <Title>EFUnderwriterOWSUSER</Title>
        <Value>enter all or part of the Underwriter Name</Value>
      </Entry>
    <Entry>
      <Title>EFZoneOWSTEXT</Title>
      <Value>enter all or part of the Zone Name</Value>
    </Entry>
  </Entries>
</Deployment>