<?xml version="1.0" encoding="utf-8"?>
<Webs>
  <Web Url="http://IN-KA-DC-PECMW1" WelcomeUrl="Pages/myhome.aspx" WelcomeResetUrl="Pages/default.aspx">
    <Layouts>
      <Layout Name="ECM_HomeRecent.aspx">
        <Pages>
          <Page Url="myhome.aspx" Title="Home" ClearAllWebParts="True" >
          </Page>
        </Pages>
      </Layout>
      <Layout Name="ECM_AllfilesHome.aspx">
        <Pages>
          <Page Url="allhome.aspx" Title="Home" ClearAllWebParts="True" >
          </Page>
        </Pages>
      </Layout>
      <Layout Name="ECM_Details.aspx">
        <Pages>
          <Page Url="PolicyDetails.aspx" Title="eFile Detail" ClearAllWebParts="True" >
          </Page>
        </Pages>
      </Layout>
      <Layout Name="ECM_Insured.aspx">
        <Pages>
          <Page Url="InsuredPage.aspx" Title="Insured View" ClearAllWebParts="True" >
          </Page>
        </Pages>
      </Layout>
      <Layout Name="ECM_ResultsPage.aspx">
        <Pages>
          <Page Url="ResultsPage.aspx" Title="eFile Search Results" ClearAllWebParts="True" >
          </Page>
        </Pages>
      </Layout>
      <Layout Name="ECM_EfileDoc.aspx">
        <Pages>
          <Page Url="eFileDocuments.aspx" Title="eFile Search Results" ClearAllWebParts="True" >
          </Page>
        </Pages>
      </Layout>
   </Layouts>
  </Web>
  <SearchWeb Url="http://IN-KA-DC-PECMW1/sites/searchcenter">
    <Layouts>
      <Layout Name="ECM_SearchAdvanced.aspx">
        <Pages>
          <Page Url="eFileAdvanced.aspx" Title="eFile Advanced Search" ClearAllWebParts="True" >
          </Page>
        </Pages>
      </Layout>
      <Layout Name="ECM_SearchBasic.aspx">
        <Pages>
          <Page Url="eFileBasic.aspx" Title="eFile Basic Search" ClearAllWebParts="True" >
          </Page>
        </Pages>
      </Layout>
    </Layouts>
  </SearchWeb>
</Webs>