<?xml version="1.0" encoding="utf-8"?>
<Deployment>
  <SearchUrl>/sites/searchcenter</SearchUrl>
  <Solutions>
    <Solution name="gs.sp.ecm.ef.branding.wsp"/>
    <Solution name="gs.sp.ecm.ef.documentdetails.wsp"/>
    <Solution name="gs.sp.ecm.ef.dragdrop.wsp"/>
  </Solutions>
  <Features>
    <Feature Name="GS.SP.ECM.EF.Branding Feature" Id="f0f8a89b-d229-4e9d-b329-86e65c8565e9"/>
    <Feature Name="GS.SP.ECM.EF.Branding DisplayTemplate" Id="51961169-9824-4e47-a67c-67f78c8811a9"/>
    <Feature Name="GS.SP.ECM.EF.PageLayout" Id="126e25be-3fc8-4cfe-bd71-1815c954c813"/>
    <Feature Name="GS.SP.ECM.EF.DocumentDetails HTML Module" Id="e2dfdaa3-dce6-4d7b-8fd1-02bf303b5b0c"/>
    <Feature Name="GS.SP.ECM.EF.DragDrop DragDrop" Id="0cca0271-284f-4328-b007-f1c445ae405f"/>
    <Feature Name="GS.SP.ECM.EF.Branding Help Page Layout" Id="e2802ebc-d71c-4815-9318-7e8d1096c53e" Url="/sites/help"/>
    <Feature Name="GS.SP.ECM.EF.Branding Search Page Layouts" Id="2345b25a-3153-4f17-bdcf-cfd85b76bf22" Url="/sites/searchcenter"/>
    <Feature Name="GS.SP.ECM.EF.Branding Search Center Master Page" Id="7b3a7694-4bd5-4722-9a57-35ee9f27e0b2" Url="/sites/searchcenter"/>
    <Feature Name="GS.SP.ECM.EF.Branding Search Style Library" Id="4ca86cbd-0691-43d1-8d29-5fcc8bed4079" Url="/sites/searchcenter"/>
  </Features>
</Deployment>