<?xml version="1.0" encoding="utf-8"?>
<Deployment>
  <WebAppURL>http://IN-KA-DC-PECMW1</WebAppURL>
  <!--Document Libraries-->
  <DocumentLibraries>
    <ContentTypes CttoDelete="Document">
      <ContentType Name="eFileDocument,eFileDS,eFileDS84" DefaultCTName="eFileDS" HideCTName="eFileDocument">
        <Webs>
          <Web Url="in/FIRE">
            <Lists>
              <List Name="eFileLibrary_2015_12_001" Recreate="true" DeleteDefaultCT="true" />
              <List Name="eFileLibrary_2016_01_001" Recreate="true" DeleteDefaultCT="true" />
              <List Name="eFileLibrary_2016_02_001" Recreate="true" DeleteDefaultCT="true" />
              <List Name="eFileLibrary_2016_03_001" Recreate="true" DeleteDefaultCT="true" />
              <List Name="eFileLibrary_2016_04_001" Recreate="true" DeleteDefaultCT="true" />
              <List Name="eFileLibrary_2016_05_001" Recreate="true" DeleteDefaultCT="true" />
              <List Name="eFileLibrary_2016_06_001" Recreate="true" DeleteDefaultCT="true" />
              <List Name="eFileLibrary_2016_07_001" Recreate="true" DeleteDefaultCT="true" />
              <List Name="eFileLibrary_2016_08_001" Recreate="true" DeleteDefaultCT="true" />
              <List Name="eFileLibrary_2016_09_001" Recreate="true" DeleteDefaultCT="true" />
              <List Name="eFileLibrary_2016_10_001" Recreate="true" DeleteDefaultCT="true" />
              <List Name="eFileLibrary_2016_11_001" Recreate="true" DeleteDefaultCT="true" />
              <List Name="eFileLibrary_2016_12_001" Recreate="true" DeleteDefaultCT="true" />
            </Lists>
          </Web>
          <Web Url="in/ENGG">
            <Lists>
              <List Name="eFileLibrary_2015_12_001" Recreate="true" DeleteDefaultCT="true" />
              <List Name="eFileLibrary_2016_01_001" Recreate="true" DeleteDefaultCT="true" />
              <List Name="eFileLibrary_2016_02_001" Recreate="true" DeleteDefaultCT="true" />
              <List Name="eFileLibrary_2016_03_001" Recreate="true" DeleteDefaultCT="true" />
              <List Name="eFileLibrary_2016_04_001" Recreate="true" DeleteDefaultCT="true" />
              <List Name="eFileLibrary_2016_05_001" Recreate="true" DeleteDefaultCT="true" />
              <List Name="eFileLibrary_2016_06_001" Recreate="true" DeleteDefaultCT="true" />
              <List Name="eFileLibrary_2016_07_001" Recreate="true" DeleteDefaultCT="true" />
              <List Name="eFileLibrary_2016_08_001" Recreate="true" DeleteDefaultCT="true" />
              <List Name="eFileLibrary_2016_09_001" Recreate="true" DeleteDefaultCT="true" />
              <List Name="eFileLibrary_2016_10_001" Recreate="true" DeleteDefaultCT="true" />
              <List Name="eFileLibrary_2016_11_001" Recreate="true" DeleteDefaultCT="true" />
              <List Name="eFileLibrary_2016_12_001" Recreate="true" DeleteDefaultCT="true" />
            </Lists>
          </Web>
          <Web Url="in/MISC">
            <Lists>
              <List Name="eFileLibrary_2015_12_001" Recreate="true" DeleteDefaultCT="true" />
              <List Name="eFileLibrary_2016_01_001" Recreate="true" DeleteDefaultCT="true" />
              <List Name="eFileLibrary_2016_02_001" Recreate="true" DeleteDefaultCT="true" />
              <List Name="eFileLibrary_2016_03_001" Recreate="true" DeleteDefaultCT="true" />
              <List Name="eFileLibrary_2016_04_001" Recreate="true" DeleteDefaultCT="true" />
              <List Name="eFileLibrary_2016_05_001" Recreate="true" DeleteDefaultCT="true" />
              <List Name="eFileLibrary_2016_06_001" Recreate="true" DeleteDefaultCT="true" />
              <List Name="eFileLibrary_2016_07_001" Recreate="true" DeleteDefaultCT="true" />
              <List Name="eFileLibrary_2016_08_001" Recreate="true" DeleteDefaultCT="true" />
              <List Name="eFileLibrary_2016_09_001" Recreate="true" DeleteDefaultCT="true" />
              <List Name="eFileLibrary_2016_10_001" Recreate="true" DeleteDefaultCT="true" />
              <List Name="eFileLibrary_2016_11_001" Recreate="true" DeleteDefaultCT="true" />
              <List Name="eFileLibrary_2016_12_001" Recreate="true" DeleteDefaultCT="true" />
            </Lists>
          </Web>
          <Web Url="in/Marine_Cargo">
            <Lists>
              <List Name="eFileLibrary_2015_12_001" Recreate="true" DeleteDefaultCT="true" />
              <List Name="eFileLibrary_2016_01_001" Recreate="true" DeleteDefaultCT="true" />
              <List Name="eFileLibrary_2016_02_001" Recreate="true" DeleteDefaultCT="true" />
              <List Name="eFileLibrary_2016_03_001" Recreate="true" DeleteDefaultCT="true" />
              <List Name="eFileLibrary_2016_04_001" Recreate="true" DeleteDefaultCT="true" />
              <List Name="eFileLibrary_2016_05_001" Recreate="true" DeleteDefaultCT="true" />
              <List Name="eFileLibrary_2016_06_001" Recreate="true" DeleteDefaultCT="true" />
              <List Name="eFileLibrary_2016_07_001" Recreate="true" DeleteDefaultCT="true" />
              <List Name="eFileLibrary_2016_08_001" Recreate="true" DeleteDefaultCT="true" />
              <List Name="eFileLibrary_2016_09_001" Recreate="true" DeleteDefaultCT="true" />
              <List Name="eFileLibrary_2016_10_001" Recreate="true" DeleteDefaultCT="true" />
              <List Name="eFileLibrary_2016_11_001" Recreate="true" DeleteDefaultCT="true" />
              <List Name="eFileLibrary_2016_12_001" Recreate="true" DeleteDefaultCT="true" />
            </Lists>
          </Web>
          <Web Url="in/Personal_Accident">
            <Lists>
              <List Name="eFileLibrary_2015_12_001" Recreate="true" DeleteDefaultCT="true" />
              <List Name="eFileLibrary_2016_01_001" Recreate="true" DeleteDefaultCT="true" />
              <List Name="eFileLibrary_2016_02_001" Recreate="true" DeleteDefaultCT="true" />
              <List Name="eFileLibrary_2016_03_001" Recreate="true" DeleteDefaultCT="true" />
              <List Name="eFileLibrary_2016_04_001" Recreate="true" DeleteDefaultCT="true" />
              <List Name="eFileLibrary_2016_05_001" Recreate="true" DeleteDefaultCT="true" />
              <List Name="eFileLibrary_2016_06_001" Recreate="true" DeleteDefaultCT="true" />
              <List Name="eFileLibrary_2016_07_001" Recreate="true" DeleteDefaultCT="true" />
              <List Name="eFileLibrary_2016_08_001" Recreate="true" DeleteDefaultCT="true" />
              <List Name="eFileLibrary_2016_09_001" Recreate="true" DeleteDefaultCT="true" />
              <List Name="eFileLibrary_2016_10_001" Recreate="true" DeleteDefaultCT="true" />
              <List Name="eFileLibrary_2016_11_001" Recreate="true" DeleteDefaultCT="true" />
              <List Name="eFileLibrary_2016_12_001" Recreate="true" DeleteDefaultCT="true" />
            </Lists>
          </Web>
          <Web Url="in/Liability">
            <Lists>
              <List Name="eFileLibrary_2015_12_001" Recreate="true" DeleteDefaultCT="true" />
              <List Name="eFileLibrary_2016_01_001" Recreate="true" DeleteDefaultCT="true" />
              <List Name="eFileLibrary_2016_02_001" Recreate="true" DeleteDefaultCT="true" />
              <List Name="eFileLibrary_2016_03_001" Recreate="true" DeleteDefaultCT="true" />
              <List Name="eFileLibrary_2016_04_001" Recreate="true" DeleteDefaultCT="true" />
              <List Name="eFileLibrary_2016_05_001" Recreate="true" DeleteDefaultCT="true" />
              <List Name="eFileLibrary_2016_06_001" Recreate="true" DeleteDefaultCT="true" />
              <List Name="eFileLibrary_2016_07_001" Recreate="true" DeleteDefaultCT="true" />
              <List Name="eFileLibrary_2016_08_001" Recreate="true" DeleteDefaultCT="true" />
              <List Name="eFileLibrary_2016_09_001" Recreate="true" DeleteDefaultCT="true" />
              <List Name="eFileLibrary_2016_10_001" Recreate="true" DeleteDefaultCT="true" />
              <List Name="eFileLibrary_2016_11_001" Recreate="true" DeleteDefaultCT="true" />
              <List Name="eFileLibrary_2016_12_001" Recreate="true" DeleteDefaultCT="true" />
            </Lists>
          </Web>
          <Web Url="in/Health">
            <Lists>
              <List Name="eFileLibrary_2015_12_001" Recreate="true" DeleteDefaultCT="true" />
              <List Name="eFileLibrary_2016_01_001" Recreate="true" DeleteDefaultCT="true" />
              <List Name="eFileLibrary_2016_02_001" Recreate="true" DeleteDefaultCT="true" />
              <List Name="eFileLibrary_2016_03_001" Recreate="true" DeleteDefaultCT="true" />
              <List Name="eFileLibrary_2016_04_001" Recreate="true" DeleteDefaultCT="true" />
              <List Name="eFileLibrary_2016_05_001" Recreate="true" DeleteDefaultCT="true" />
              <List Name="eFileLibrary_2016_06_001" Recreate="true" DeleteDefaultCT="true" />
              <List Name="eFileLibrary_2016_07_001" Recreate="true" DeleteDefaultCT="true" />
              <List Name="eFileLibrary_2016_08_001" Recreate="true" DeleteDefaultCT="true" />
              <List Name="eFileLibrary_2016_09_001" Recreate="true" DeleteDefaultCT="true" />
              <List Name="eFileLibrary_2016_10_001" Recreate="true" DeleteDefaultCT="true" />
              <List Name="eFileLibrary_2016_11_001" Recreate="true" DeleteDefaultCT="true" />
              <List Name="eFileLibrary_2016_12_001" Recreate="true" DeleteDefaultCT="true" />
            </Lists>
          </Web>
          <Web Url="in/Motor">
            <Lists>
              <List Name="eFileLibrary_2015_12_001" Recreate="true" DeleteDefaultCT="true" />
              <List Name="eFileLibrary_2016_01_001" Recreate="true" DeleteDefaultCT="true" />
              <List Name="eFileLibrary_2016_02_001" Recreate="true" DeleteDefaultCT="true" />
              <List Name="eFileLibrary_2016_03_001" Recreate="true" DeleteDefaultCT="true" />
              <List Name="eFileLibrary_2016_04_001" Recreate="true" DeleteDefaultCT="true" />
              <List Name="eFileLibrary_2016_05_001" Recreate="true" DeleteDefaultCT="true" />
              <List Name="eFileLibrary_2016_06_001" Recreate="true" DeleteDefaultCT="true" />
              <List Name="eFileLibrary_2016_07_001" Recreate="true" DeleteDefaultCT="true" />
              <List Name="eFileLibrary_2016_08_001" Recreate="true" DeleteDefaultCT="true" />
              <List Name="eFileLibrary_2016_09_001" Recreate="true" DeleteDefaultCT="true" />
              <List Name="eFileLibrary_2016_10_001" Recreate="true" DeleteDefaultCT="true" />
              <List Name="eFileLibrary_2016_11_001" Recreate="true" DeleteDefaultCT="true" />
              <List Name="eFileLibrary_2016_12_001" Recreate="true" DeleteDefaultCT="true" />
            </Lists>
          </Web>
        </Webs>
      </ContentType>
    </ContentTypes>
    <Indexes>
      <Index Name="ContentType"/>
      <Index Name="EFeFileCategory"/>
      <Index Name="EFPolicyNumber"/>
      <Index Name="EFCaseId"/>
      <Index Name="EFPolicyInceptionDate"/>
    </Indexes>
    <Views>
      <View Name="All Documents" RowLimit="100" IsCreate="true">
        <Query>
          <OrderBy>
            <FieldRef Name="Modified" Ascending="FALSE"/>
          </OrderBy>
        </Query>
        <ViewFields>
          <FieldRef Name="DocIcon"/>
          <FieldRef Name="LinkFilename"/>
          <FieldRef Name="EFeFileDocumentType"/>
          <FieldRef Name="EFDocumentStatus"/>
          <FieldRef Name="Editor"/>
          <FieldRef Name="Author"/>
          <FieldRef Name="Modified"/>
          <FieldRef Name="Created"/>
          <FieldRef Name="EFEmailTo"/>
          <FieldRef Name="EFEmailFrom"/>
          <FieldRef Name="EFEmailDate"/>
          <FieldRef Name="EFSubject"/>
          <FieldRef Name="EFPolicyNumber"/>
        </ViewFields>
      </View>
      <View Name="All Documents - Grouped" RowLimit="100" IsCreate="true" IsDefault="true">
        <Query>
          <GroupBy Collapse="FALSE" GroupLimit="100">
            <FieldRef Name="EFeFileDocumentGroup"/>
          </GroupBy>
          <OrderBy>
            <FieldRef Name="Modified" Ascending="FALSE"/>
          </OrderBy>
        </Query>
        <ViewFields>
          <FieldRef Name="DocIcon"/>
          <FieldRef Name="LinkFilename"/>
          <FieldRef Name="EFeFileDocumentType"/>
          <FieldRef Name="EFDocumentStatus"/>
          <FieldRef Name="Editor"/>
          <FieldRef Name="Author"/>
          <FieldRef Name="Modified"/>
          <FieldRef Name="Created"/>
          <FieldRef Name="EFEmailTo"/>
          <FieldRef Name="EFEmailFrom"/>
          <FieldRef Name="EFEmailDate"/>
          <FieldRef Name="EFSubject"/>
          <FieldRef Name="EFPolicyNumber"/>
        </ViewFields>
      </View>
      <View Name="All Policies" RowLimit="100" IsRecursive="false" IsCreate="true">
        <Query>
          <OrderBy>
            <FieldRef Name="EFInsuredName" Ascending="TRUE"/>
          </OrderBy>
          <Where>
            <And>
              <Neq>
                <FieldRef Name="ContentType"/>
                <Value Type="Computed">eFileDocument</Value>
              </Neq>
              <Eq>
                <FieldRef Name="EFeFileCategory"/>
                <Value Type="Text">Policy</Value>
              </Eq>
            </And>
          </Where>
        </Query>
        <ViewFields>
          <FieldRef Name="DocIcon"/>
          <FieldRef Name="LinkFilename"/>
          <FieldRef Name="EFInsuredName"/>
          <FieldRef Name="EFUnderwriter"/>
          <FieldRef Name="EFProduct"/>
        </ViewFields>
      </View>
      <View Name="All Cases" RowLimit="100" IsRecursive="false" IsCreate="true">
        <Query>
          <OrderBy>
            <FieldRef Name="EFInsuredName" Ascending="TRUE"/>
          </OrderBy>
          <Where>
            <And>
              <Neq>
                <FieldRef Name="ContentType"/>
                <Value Type="Computed">eFileDocument</Value>
              </Neq>
              <Eq>
                <FieldRef Name="EFeFileCategory"/>
                <Value Type="Text">Case</Value>
              </Eq>
            </And>
          </Where>
        </Query>
        <ViewFields>
          <FieldRef Name="DocIcon"/>
          <FieldRef Name="LinkFilename"/>
          <FieldRef Name="EFInsuredName"/>
          <FieldRef Name="EFUnderwriter"/>
          <FieldRef Name="EFProduct"/>
        </ViewFields>
      </View>
    </Views>
  </DocumentLibraries>
  <SiteColumns>
    <Columns>
      <Field Name= "EFCaseId"></Field>
      <Field Name= "EFCountry"></Field>
      <Field Name= "EFSourceSystemName"></Field>
      <Field Name= "EFZone"></Field>
      <Field Name= "EFFunction"></Field>
      <Field Name= "EFBranchName"></Field>
      <Field Name= "EFBranchCode"></Field>
      <Field Name= "EFCompany"></Field>
      <Field Name= "EFLOB"></Field>
      <Field Name= "EFRiskLocation"></Field>
      <Field Name= "EFQuoteNumber"></Field>
      <Field Name= "EFBatchNumber"></Field>
      <Field Name= "EFPolicyNumber"></Field>
      <Field Name= "EFPreviousPolicyNumber"></Field>
      <Field Name= "EFPolicyYear"></Field>
      <Field Name= "EFPolicyInceptionDate"></Field>
      <Field Name= "EFPolicyExpiryDate"></Field>
      <Field Name= "EFUnderwriter"></Field>
      <Field Name= "EFInsuredName"></Field>
      <Field Name= "EFInsuredCode"></Field>
      <Field Name= "EFIntermediaryName"></Field>
      <Field Name= "EFIntermediaryCode"></Field>
      <Field Name= "EFSMName"></Field>
      <Field Name= "EFSMCode"></Field>
      <Field Name= "EFProduct" ></Field>
      <Field Name= "EFUnderwritingAssistant" ></Field>
      <Field Name= "EFMasterStatus" ></Field>
      <Field Name= "EFIsSpotlight"></Field>
      <Field Name= "EFIsConfidential"></Field>
      <Field Name= "EFeFileCategory"></Field>
      <Field Name= "EFUWStage"></Field>
      <Field Name= "EFeFileExpirationDate"></Field>
      <Field Name= "EFeFileNote"></Field>
      <Field Name="Title"></Field>
    </Columns>
  </SiteColumns>
  <HideFromAllViews>
    <Columns>
      <Field Name="EFDocumentTitle"></Field>
    </Columns>
  </HideFromAllViews>
</Deployment>