<?xml version="1.0" encoding="utf-8"?>
<Deployment>
  <SiteCollectionURL>http://IN-KA-DC-PECMW1</SiteCollectionURL>
  <ConfigList>eFileSites</ConfigList>
  <Webs>
    <Web Url="in/FIRE" Country="India" LOB="FIRE">
      <Lists>
        <List Name="eFileLibrary_2015_12_001" Recreate="true" DeleteDefaultCT="true" />
        <List Name="eFileLibrary_2016_01_001" Recreate="true" DeleteDefaultCT="true" />
        <List Name="eFileLibrary_2016_02_001" Recreate="true" DeleteDefaultCT="true" />
        <List Name="eFileLibrary_2016_03_001" Recreate="true" DeleteDefaultCT="true" />
        <List Name="eFileLibrary_2016_04_001" Recreate="true" DeleteDefaultCT="true" />
        <List Name="eFileLibrary_2016_05_001" Recreate="true" DeleteDefaultCT="true" />
        <List Name="eFileLibrary_2016_06_001" Recreate="true" DeleteDefaultCT="true" />
        <List Name="eFileLibrary_2016_07_001" Recreate="true" DeleteDefaultCT="true" />
        <List Name="eFileLibrary_2016_08_001" Recreate="true" DeleteDefaultCT="true" />
        <List Name="eFileLibrary_2016_09_001" Recreate="true" DeleteDefaultCT="true" />
        <List Name="eFileLibrary_2016_10_001" Recreate="true" DeleteDefaultCT="true" />
        <List Name="eFileLibrary_2016_11_001" Recreate="true" DeleteDefaultCT="true" />
        <List Name="eFileLibrary_2016_12_001" Recreate="true" DeleteDefaultCT="true" />
      </Lists>
    </Web>
    <Web Url="in/ENGG" Country="India" LOB="ENGG">
      <Lists>
        <List Name="eFileLibrary_2015_12_001" Recreate="true" DeleteDefaultCT="true" />
        <List Name="eFileLibrary_2016_01_001" Recreate="true" DeleteDefaultCT="true" />
        <List Name="eFileLibrary_2016_02_001" Recreate="true" DeleteDefaultCT="true" />
        <List Name="eFileLibrary_2016_03_001" Recreate="true" DeleteDefaultCT="true" />
        <List Name="eFileLibrary_2016_04_001" Recreate="true" DeleteDefaultCT="true" />
        <List Name="eFileLibrary_2016_05_001" Recreate="true" DeleteDefaultCT="true" />
        <List Name="eFileLibrary_2016_06_001" Recreate="true" DeleteDefaultCT="true" />
        <List Name="eFileLibrary_2016_07_001" Recreate="true" DeleteDefaultCT="true" />
        <List Name="eFileLibrary_2016_08_001" Recreate="true" DeleteDefaultCT="true" />
        <List Name="eFileLibrary_2016_09_001" Recreate="true" DeleteDefaultCT="true" />
        <List Name="eFileLibrary_2016_10_001" Recreate="true" DeleteDefaultCT="true" />
        <List Name="eFileLibrary_2016_11_001" Recreate="true" DeleteDefaultCT="true" />
        <List Name="eFileLibrary_2016_12_001" Recreate="true" DeleteDefaultCT="true" />
      </Lists>
    </Web>
    <Web Url="in/MISC" Country="India" LOB="MISC">
      <Lists>
        <List Name="eFileLibrary_2015_12_001" Recreate="true" DeleteDefaultCT="true" />
        <List Name="eFileLibrary_2016_01_001" Recreate="true" DeleteDefaultCT="true" />
        <List Name="eFileLibrary_2016_02_001" Recreate="true" DeleteDefaultCT="true" />
        <List Name="eFileLibrary_2016_03_001" Recreate="true" DeleteDefaultCT="true" />
        <List Name="eFileLibrary_2016_04_001" Recreate="true" DeleteDefaultCT="true" />
        <List Name="eFileLibrary_2016_05_001" Recreate="true" DeleteDefaultCT="true" />
        <List Name="eFileLibrary_2016_06_001" Recreate="true" DeleteDefaultCT="true" />
        <List Name="eFileLibrary_2016_07_001" Recreate="true" DeleteDefaultCT="true" />
        <List Name="eFileLibrary_2016_08_001" Recreate="true" DeleteDefaultCT="true" />
        <List Name="eFileLibrary_2016_09_001" Recreate="true" DeleteDefaultCT="true" />
        <List Name="eFileLibrary_2016_10_001" Recreate="true" DeleteDefaultCT="true" />
        <List Name="eFileLibrary_2016_11_001" Recreate="true" DeleteDefaultCT="true" />
        <List Name="eFileLibrary_2016_12_001" Recreate="true" DeleteDefaultCT="true" />
      </Lists>
    </Web>
    <Web Url="in/Marine_Cargo" Country="India" LOB="Marine_Cargo">
      <Lists>
        <List Name="eFileLibrary_2015_12_001" Recreate="true" DeleteDefaultCT="true" />
        <List Name="eFileLibrary_2016_01_001" Recreate="true" DeleteDefaultCT="true" />
        <List Name="eFileLibrary_2016_02_001" Recreate="true" DeleteDefaultCT="true" />
        <List Name="eFileLibrary_2016_03_001" Recreate="true" DeleteDefaultCT="true" />
        <List Name="eFileLibrary_2016_04_001" Recreate="true" DeleteDefaultCT="true" />
        <List Name="eFileLibrary_2016_05_001" Recreate="true" DeleteDefaultCT="true" />
        <List Name="eFileLibrary_2016_06_001" Recreate="true" DeleteDefaultCT="true" />
        <List Name="eFileLibrary_2016_07_001" Recreate="true" DeleteDefaultCT="true" />
        <List Name="eFileLibrary_2016_08_001" Recreate="true" DeleteDefaultCT="true" />
        <List Name="eFileLibrary_2016_09_001" Recreate="true" DeleteDefaultCT="true" />
        <List Name="eFileLibrary_2016_10_001" Recreate="true" DeleteDefaultCT="true" />
        <List Name="eFileLibrary_2016_11_001" Recreate="true" DeleteDefaultCT="true" />
        <List Name="eFileLibrary_2016_12_001" Recreate="true" DeleteDefaultCT="true" />
      </Lists>
    </Web>
    <Web Url="in/Personal_Accident" Country="India" LOB="Personal_Accident">
      <Lists>
        <List Name="eFileLibrary_2015_12_001" Recreate="true" DeleteDefaultCT="true" />
        <List Name="eFileLibrary_2016_01_001" Recreate="true" DeleteDefaultCT="true" />
        <List Name="eFileLibrary_2016_02_001" Recreate="true" DeleteDefaultCT="true" />
        <List Name="eFileLibrary_2016_03_001" Recreate="true" DeleteDefaultCT="true" />
        <List Name="eFileLibrary_2016_04_001" Recreate="true" DeleteDefaultCT="true" />
        <List Name="eFileLibrary_2016_05_001" Recreate="true" DeleteDefaultCT="true" />
        <List Name="eFileLibrary_2016_06_001" Recreate="true" DeleteDefaultCT="true" />
        <List Name="eFileLibrary_2016_07_001" Recreate="true" DeleteDefaultCT="true" />
        <List Name="eFileLibrary_2016_08_001" Recreate="true" DeleteDefaultCT="true" />
        <List Name="eFileLibrary_2016_09_001" Recreate="true" DeleteDefaultCT="true" />
        <List Name="eFileLibrary_2016_10_001" Recreate="true" DeleteDefaultCT="true" />
        <List Name="eFileLibrary_2016_11_001" Recreate="true" DeleteDefaultCT="true" />
        <List Name="eFileLibrary_2016_12_001" Recreate="true" DeleteDefaultCT="true" />
      </Lists>
    </Web>
    <Web Url="in/Liability" Country="India" LOB="Liability">
      <Lists>
        <List Name="eFileLibrary_2015_12_001" Recreate="true" DeleteDefaultCT="true" />
        <List Name="eFileLibrary_2016_01_001" Recreate="true" DeleteDefaultCT="true" />
        <List Name="eFileLibrary_2016_02_001" Recreate="true" DeleteDefaultCT="true" />
        <List Name="eFileLibrary_2016_03_001" Recreate="true" DeleteDefaultCT="true" />
        <List Name="eFileLibrary_2016_04_001" Recreate="true" DeleteDefaultCT="true" />
        <List Name="eFileLibrary_2016_05_001" Recreate="true" DeleteDefaultCT="true" />
        <List Name="eFileLibrary_2016_06_001" Recreate="true" DeleteDefaultCT="true" />
        <List Name="eFileLibrary_2016_07_001" Recreate="true" DeleteDefaultCT="true" />
        <List Name="eFileLibrary_2016_08_001" Recreate="true" DeleteDefaultCT="true" />
        <List Name="eFileLibrary_2016_09_001" Recreate="true" DeleteDefaultCT="true" />
        <List Name="eFileLibrary_2016_10_001" Recreate="true" DeleteDefaultCT="true" />
        <List Name="eFileLibrary_2016_11_001" Recreate="true" DeleteDefaultCT="true" />
        <List Name="eFileLibrary_2016_12_001" Recreate="true" DeleteDefaultCT="true" />
      </Lists>
    </Web>
    <Web Url="in/Health" Country="India" LOB="Health">
      <Lists>
        <List Name="eFileLibrary_2015_12_001" Recreate="true" DeleteDefaultCT="true" />
        <List Name="eFileLibrary_2016_01_001" Recreate="true" DeleteDefaultCT="true" />
        <List Name="eFileLibrary_2016_02_001" Recreate="true" DeleteDefaultCT="true" />
        <List Name="eFileLibrary_2016_03_001" Recreate="true" DeleteDefaultCT="true" />
        <List Name="eFileLibrary_2016_04_001" Recreate="true" DeleteDefaultCT="true" />
        <List Name="eFileLibrary_2016_05_001" Recreate="true" DeleteDefaultCT="true" />
        <List Name="eFileLibrary_2016_06_001" Recreate="true" DeleteDefaultCT="true" />
        <List Name="eFileLibrary_2016_07_001" Recreate="true" DeleteDefaultCT="true" />
        <List Name="eFileLibrary_2016_08_001" Recreate="true" DeleteDefaultCT="true" />
        <List Name="eFileLibrary_2016_09_001" Recreate="true" DeleteDefaultCT="true" />
        <List Name="eFileLibrary_2016_10_001" Recreate="true" DeleteDefaultCT="true" />
        <List Name="eFileLibrary_2016_11_001" Recreate="true" DeleteDefaultCT="true" />
        <List Name="eFileLibrary_2016_12_001" Recreate="true" DeleteDefaultCT="true" />
      </Lists>
    </Web>
    <Web Url="in/Motor" Country="India" LOB="Motor">
      <Lists>
        <List Name="eFileLibrary_2015_12_001" Recreate="true" DeleteDefaultCT="true" />
        <List Name="eFileLibrary_2016_01_001" Recreate="true" DeleteDefaultCT="true" />
        <List Name="eFileLibrary_2016_02_001" Recreate="true" DeleteDefaultCT="true" />
        <List Name="eFileLibrary_2016_03_001" Recreate="true" DeleteDefaultCT="true" />
        <List Name="eFileLibrary_2016_04_001" Recreate="true" DeleteDefaultCT="true" />
        <List Name="eFileLibrary_2016_05_001" Recreate="true" DeleteDefaultCT="true" />
        <List Name="eFileLibrary_2016_06_001" Recreate="true" DeleteDefaultCT="true" />
        <List Name="eFileLibrary_2016_07_001" Recreate="true" DeleteDefaultCT="true" />
        <List Name="eFileLibrary_2016_08_001" Recreate="true" DeleteDefaultCT="true" />
        <List Name="eFileLibrary_2016_09_001" Recreate="true" DeleteDefaultCT="true" />
        <List Name="eFileLibrary_2016_10_001" Recreate="true" DeleteDefaultCT="true" />
        <List Name="eFileLibrary_2016_11_001" Recreate="true" DeleteDefaultCT="true" />
        <List Name="eFileLibrary_2016_12_001" Recreate="true" DeleteDefaultCT="true" />
      </Lists>
    </Web>
  </Webs>
</Deployment>