﻿<?xml version="1.0"?>
<Sites>
  <Site url="http://IN-KA-DC-PECMW1">
    <Groups>
      <Group Title="sp-glvgi-ecm-in-grant-access" Owner="lvgi\Ecmadmin" OwnerGroupName="sp-glvgi-ecm-in-grant-access" Description="sp-glvgi-ecm-in-grant-access" Permission="Grant Access" Action="create">
        <Users>
          <User LoginName="lvgi\N0258124"></User>
        </Users>
      </Group>
     <Group Title="sp-glvgi-ecm-in-visitors" Owner="lvgi\Ecmadmin" OwnerGroupName="sp-glvgi-ecm-in-grant-access" Description="sp-glvgi-ecm-in-visitors" Permission="Read" Action="create">
        <Users>
          <User LoginName="lvgi\N0258124"></User>
        </Users>
      </Group>
     </Groups>
  </Site>
  <Site url="http://IN-KA-DC-PECMW1/in/FIRE">
    <Groups>
      <Group Title="sp-glvgi-ecm-in-grant-access" Owner="lvgi\Ecmadmin" OwnerGroupName="sp-glvgi-ecm-in-grant-access" Description="sp-glvgi-ecm-in-grant-access" Permission="Grant Access" Action="create">
        <Users>
          <User LoginName="lvgi\N0258124"></User>
        </Users>
      </Group>
      <Group Title="sp-glvgi-ecm-in" Owner="lvgi\Ecmadmin" OwnerGroupName="sp-glvgi-ecm-in-grant-access" Description="sp-glvgi-ecm-in" Permission="Contributor" Action="create">
        <Users>
          <User LoginName="lvgi\N0258124"></User>
        </Users>
      </Group>
      <Group Title="sp-glvgi-ecm-in-view" Owner="lvgi\Ecmadmin" OwnerGroupName="sp-glvgi-ecm-in-grant-access" Description="sp-glvgi-ecm-in-view" Permission="Read‐Only LVGI Employees" Action="create">
        <Users>
          <User LoginName="lvgi\N0258124"></User>
        </Users>
      </Group>
      <Group Title="sp-glvgi-ecm-in-confidential" Owner="lvgi\Ecmadmin" OwnerGroupName="sp-glvgi-ecm-in-grant-access" Description="sp-glvgi-ecm-in-confidential" Permission="Contributor" Action="create">
        <Users>
          <User LoginName="lvgi\N0258124"></User>
        </Users>
      </Group>
      <Group Title="sp-glvgi-ecm-in-owner" Owner="lvgi\Ecmadmin" OwnerGroupName="sp-glvgi-ecm-in-grant-access" Description="sp-glvgi-ecm-in-owner" Permission="Full Control" Action="create">
        <Users>
          <User LoginName="lvgi\N0258124"></User>
        </Users>
      </Group>
      <Group Title="sp-glvgi-ecm-in-site-admin" Owner="lvgi\Ecmadmin" OwnerGroupName="sp-glvgi-ecm-in-grant-access" Description="sp-glvgi-ecm-in-site-admin" Permission="Site Administrator" Action="create">
        <Users>
          <User LoginName="lvgi\N0258124"></User>
        </Users>
      </Group>
      <Group Title="sp-glvgi-ecm-in-auditors" Owner="lvgi\Ecmadmin" OwnerGroupName="sp-glvgi-ecm-in-grant-access" Description="sp-glvgi-ecm-in-auditors" Permission="Read‐Only LVGI Employees" Action="create">
        <Users>
          <User LoginName="lvgi\N0258124"></User>
        </Users>
      </Group>
      <Group Title="sp-glvgi-ecm-in-confidential-read" Owner="lvgi\Ecmadmin" OwnerGroupName="sp-glvgi-ecm-in-grant-access" Description="sp-glvgi-ecm-in-confidential-read" Permission="Read‐Only LVGI Employees" Action="create">
        <Users>
          <User LoginName="lvgi\N0258124"/>
        </Users>
      </Group>
      <Group Title="Not Available" Owner="lvgi\Ecmadmin" OwnerGroupName="sp-glvgi-ecm-in-grant-access" Description="Not Available" Permission="Read‐Only LVGI Employees" Action="create">
      </Group>  
    </Groups>
  </Site>
  <Site url="http://IN-KA-DC-PECMW1/in/ENGG">
    <Groups>
      <Group Title="sp-glvgi-ecm-in-grant-access" Owner="lvgi\Ecmadmin" OwnerGroupName="sp-glvgi-ecm-in-grant-access" Description="sp-glvgi-ecm-in-grant-access" Permission="Grant Access" Action="create">
        <Users>
          <User LoginName="lvgi\N0258124"></User>
        </Users>
      </Group>
      <Group Title="sp-glvgi-ecm-in" Owner="lvgi\Ecmadmin" OwnerGroupName="sp-glvgi-ecm-in-grant-access" Description="sp-glvgi-ecm-in" Permission="Contributor" Action="create">
        <Users>
          <User LoginName="lvgi\N0258124"></User>
        </Users>
      </Group>
      <Group Title="sp-glvgi-ecm-in-view" Owner="lvgi\Ecmadmin" OwnerGroupName="sp-glvgi-ecm-in-grant-access" Description="sp-glvgi-ecm-in-view" Permission="Read‐Only LVGI Employees" Action="create">
        <Users>
          <User LoginName="lvgi\N0258124"></User>
        </Users>
      </Group>
      <Group Title="sp-glvgi-ecm-in-confidential" Owner="lvgi\Ecmadmin" OwnerGroupName="sp-glvgi-ecm-in-grant-access" Description="sp-glvgi-ecm-in-confidential" Permission="Contributor" Action="create">
        <Users>
          <User LoginName="lvgi\N0258124"></User>
        </Users>
      </Group>
      <Group Title="sp-glvgi-ecm-in-owner" Owner="lvgi\Ecmadmin" OwnerGroupName="sp-glvgi-ecm-in-grant-access" Description="sp-glvgi-ecm-in-owner" Permission="Full Control" Action="create">
        <Users>
          <User LoginName="lvgi\N0258124"></User>
        </Users>
      </Group>
      <Group Title="sp-glvgi-ecm-in-site-admin" Owner="lvgi\Ecmadmin" OwnerGroupName="sp-glvgi-ecm-in-grant-access" Description="sp-glvgi-ecm-in-site-admin" Permission="Site Administrator" Action="create">
        <Users>
          <User LoginName="lvgi\N0258124"></User>
        </Users>
      </Group>
      <Group Title="sp-glvgi-ecm-in-auditors" Owner="lvgi\Ecmadmin" OwnerGroupName="sp-glvgi-ecm-in-grant-access" Description="sp-glvgi-ecm-in-auditors" Permission="Read‐Only LVGI Employees" Action="create">
        <Users>
          <User LoginName="lvgi\N0258124"></User>
        </Users>
      </Group>
      <Group Title="sp-glvgi-ecm-in-confidential-read" Owner="lvgi\Ecmadmin" OwnerGroupName="sp-glvgi-ecm-in-grant-access" Description="sp-glvgi-ecm-in-confidential-read" Permission="Read‐Only LVGI Employees" Action="create">
        <Users>
          <User LoginName="lvgi\N0258124"/>
        </Users>
      </Group>
      <Group Title="Not Available" Owner="lvgi\Ecmadmin" OwnerGroupName="sp-glvgi-ecm-in-grant-access" Description="Not Available" Permission="Read‐Only LVGI Employees" Action="create">
      </Group>
    </Groups>
  </Site>
  <Site url="http://IN-KA-DC-PECMW1/in/MISC">
    <Groups>
      <Group Title="sp-glvgi-ecm-in-grant-access" Owner="lvgi\Ecmadmin" OwnerGroupName="sp-glvgi-ecm-in-grant-access" Description="sp-glvgi-ecm-in-grant-access" Permission="Grant Access" Action="create">
        <Users>
          <User LoginName="lvgi\N0258124"></User>
        </Users>
      </Group>
      <Group Title="sp-glvgi-ecm-in" Owner="lvgi\Ecmadmin" OwnerGroupName="sp-glvgi-ecm-in-grant-access" Description="sp-glvgi-ecm-in" Permission="Contributor" Action="create">
        <Users>
          <User LoginName="lvgi\N0258124"></User>
        </Users>
      </Group>
      <Group Title="sp-glvgi-ecm-in-view" Owner="lvgi\Ecmadmin" OwnerGroupName="sp-glvgi-ecm-in-grant-access" Description="sp-glvgi-ecm-in-view" Permission="Read‐Only LVGI Employees" Action="create">
        <Users>
          <User LoginName="lvgi\N0258124"></User>
        </Users>
      </Group>
      <Group Title="sp-glvgi-ecm-in-confidential" Owner="lvgi\Ecmadmin" OwnerGroupName="sp-glvgi-ecm-in-grant-access" Description="sp-glvgi-ecm-in-confidential" Permission="Contributor" Action="create">
        <Users>
          <User LoginName="lvgi\N0258124"></User>
        </Users>
      </Group>
      <Group Title="sp-glvgi-ecm-in-owner" Owner="lvgi\Ecmadmin" OwnerGroupName="sp-glvgi-ecm-in-grant-access" Description="sp-glvgi-ecm-in-owner" Permission="Full Control" Action="create">
        <Users>
          <User LoginName="lvgi\N0258124"></User>
        </Users>
      </Group>
      <Group Title="sp-glvgi-ecm-in-site-admin" Owner="lvgi\Ecmadmin" OwnerGroupName="sp-glvgi-ecm-in-grant-access" Description="sp-glvgi-ecm-in-site-admin" Permission="Site Administrator" Action="create">
        <Users>
          <User LoginName="lvgi\N0258124"></User>
        </Users>
      </Group>
      <Group Title="sp-glvgi-ecm-in-auditors" Owner="lvgi\Ecmadmin" OwnerGroupName="sp-glvgi-ecm-in-grant-access" Description="sp-glvgi-ecm-in-auditors" Permission="Read‐Only LVGI Employees" Action="create">
        <Users>
          <User LoginName="lvgi\N0258124"></User>
        </Users>
      </Group>
      <Group Title="sp-glvgi-ecm-in-confidential-read" Owner="lvgi\Ecmadmin" OwnerGroupName="sp-glvgi-ecm-in-grant-access" Description="sp-glvgi-ecm-in-confidential-read" Permission="Read‐Only LVGI Employees" Action="create">
        <Users>
          <User LoginName="lvgi\N0258124"/>
        </Users>
      </Group>
      <Group Title="Not Available" Owner="lvgi\Ecmadmin" OwnerGroupName="sp-glvgi-ecm-in-grant-access" Description="Not Available" Permission="Read‐Only LVGI Employees" Action="create">
      </Group>
    </Groups>
  </Site>
  <Site url="http://IN-KA-DC-PECMW1/in/MARINE_CARGO">
    <Groups>
      <Group Title="sp-glvgi-ecm-in-grant-access" Owner="lvgi\Ecmadmin" OwnerGroupName="sp-glvgi-ecm-in-grant-access" Description="sp-glvgi-ecm-in-grant-access" Permission="Grant Access" Action="create">
        <Users>
          <User LoginName="lvgi\N0258124"></User>
        </Users>
      </Group>
      <Group Title="sp-glvgi-ecm-in" Owner="lvgi\Ecmadmin" OwnerGroupName="sp-glvgi-ecm-in-grant-access" Description="sp-glvgi-ecm-in" Permission="Contributor" Action="create">
        <Users>
          <User LoginName="lvgi\N0258124"></User>
        </Users>
      </Group>
      <Group Title="sp-glvgi-ecm-in-view" Owner="lvgi\Ecmadmin" OwnerGroupName="sp-glvgi-ecm-in-grant-access" Description="sp-glvgi-ecm-in-view" Permission="Read‐Only LVGI Employees" Action="create">
        <Users>
          <User LoginName="lvgi\N0258124"></User>
        </Users>
      </Group>
      <Group Title="sp-glvgi-ecm-in-confidential" Owner="lvgi\Ecmadmin" OwnerGroupName="sp-glvgi-ecm-in-grant-access" Description="sp-glvgi-ecm-in-confidential" Permission="Contributor" Action="create">
        <Users>
          <User LoginName="lvgi\N0258124"></User>
        </Users>
      </Group>
      <Group Title="sp-glvgi-ecm-in-owner" Owner="lvgi\Ecmadmin" OwnerGroupName="sp-glvgi-ecm-in-grant-access" Description="sp-glvgi-ecm-in-owner" Permission="Full Control" Action="create">
        <Users>
          <User LoginName="lvgi\N0258124"></User>
        </Users>
      </Group>
      <Group Title="sp-glvgi-ecm-in-site-admin" Owner="lvgi\Ecmadmin" OwnerGroupName="sp-glvgi-ecm-in-grant-access" Description="sp-glvgi-ecm-in-site-admin" Permission="Site Administrator" Action="create">
        <Users>
          <User LoginName="lvgi\N0258124"></User>
        </Users>
      </Group>
      <Group Title="sp-glvgi-ecm-in-auditors" Owner="lvgi\Ecmadmin" OwnerGroupName="sp-glvgi-ecm-in-grant-access" Description="sp-glvgi-ecm-in-auditors" Permission="Read‐Only LVGI Employees" Action="create">
        <Users>
          <User LoginName="lvgi\N0258124"></User>
        </Users>
      </Group>
      <Group Title="sp-glvgi-ecm-in-confidential-read" Owner="lvgi\Ecmadmin" OwnerGroupName="sp-glvgi-ecm-in-grant-access" Description="sp-glvgi-ecm-in-confidential-read" Permission="Read‐Only LVGI Employees" Action="create">
        <Users>
          <User LoginName="lvgi\N0258124"/>
        </Users>
      </Group>
      <Group Title="Not Available" Owner="lvgi\Ecmadmin" OwnerGroupName="sp-glvgi-ecm-in-grant-access" Description="Not Available" Permission="Read‐Only LVGI Employees" Action="create">
      </Group>
    </Groups>
  </Site>
  <Site url="http://IN-KA-DC-PECMW1/in/Liability">
    <Groups>
      <Group Title="sp-glvgi-ecm-in-grant-access" Owner="lvgi\Ecmadmin" OwnerGroupName="sp-glvgi-ecm-in-grant-access" Description="sp-glvgi-ecm-in-grant-access" Permission="Grant Access" Action="create">
        <Users>
          <User LoginName="lvgi\N0258124"></User>
        </Users>
      </Group>
      <Group Title="sp-glvgi-ecm-in" Owner="lvgi\Ecmadmin" OwnerGroupName="sp-glvgi-ecm-in-grant-access" Description="sp-glvgi-ecm-in" Permission="Contributor" Action="create">
        <Users>
          <User LoginName="lvgi\N0258124"></User>
        </Users>
      </Group>
      <Group Title="sp-glvgi-ecm-in-view" Owner="lvgi\Ecmadmin" OwnerGroupName="sp-glvgi-ecm-in-grant-access" Description="sp-glvgi-ecm-in-view" Permission="Read‐Only LVGI Employees" Action="create">
        <Users>
          <User LoginName="lvgi\N0258124"></User>
        </Users>
      </Group>
      <Group Title="sp-glvgi-ecm-in-confidential" Owner="lvgi\Ecmadmin" OwnerGroupName="sp-glvgi-ecm-in-grant-access" Description="sp-glvgi-ecm-in-confidential" Permission="Contributor" Action="create">
        <Users>
          <User LoginName="lvgi\N0258124"></User>
        </Users>
      </Group>
      <Group Title="sp-glvgi-ecm-in-owner" Owner="lvgi\Ecmadmin" OwnerGroupName="sp-glvgi-ecm-in-grant-access" Description="sp-glvgi-ecm-in-owner" Permission="Full Control" Action="create">
        <Users>
          <User LoginName="lvgi\N0258124"></User>
        </Users>
      </Group>
      <Group Title="sp-glvgi-ecm-in-site-admin" Owner="lvgi\Ecmadmin" OwnerGroupName="sp-glvgi-ecm-in-grant-access" Description="sp-glvgi-ecm-in-site-admin" Permission="Site Administrator" Action="create">
        <Users>
          <User LoginName="lvgi\N0258124"></User>
        </Users>
      </Group>
      <Group Title="sp-glvgi-ecm-in-auditors" Owner="lvgi\Ecmadmin" OwnerGroupName="sp-glvgi-ecm-in-grant-access" Description="sp-glvgi-ecm-in-auditors" Permission="Read‐Only LVGI Employees" Action="create">
        <Users>
          <User LoginName="lvgi\N0258124"></User>
        </Users>
      </Group>
      <Group Title="sp-glvgi-ecm-in-confidential-read" Owner="lvgi\Ecmadmin" OwnerGroupName="sp-glvgi-ecm-in-grant-access" Description="sp-glvgi-ecm-in-confidential-read" Permission="Read‐Only LVGI Employees" Action="create">
        <Users>
          <User LoginName="lvgi\N0258124"/>
        </Users>
      </Group>
      <Group Title="Not Available" Owner="lvgi\Ecmadmin" OwnerGroupName="sp-glvgi-ecm-in-grant-access" Description="Not Available" Permission="Read‐Only LVGI Employees" Action="create">
      </Group>
    </Groups>
  </Site>
  <Site url="http://IN-KA-DC-PECMW1/in/Personal_Accident">
    <Groups>
      <Group Title="sp-glvgi-ecm-in-grant-access" Owner="lvgi\Ecmadmin" OwnerGroupName="sp-glvgi-ecm-in-grant-access" Description="sp-glvgi-ecm-in-grant-access" Permission="Grant Access" Action="create">
        <Users>
          <User LoginName="lvgi\N0258124"></User>
        </Users>
      </Group>
      <Group Title="sp-glvgi-ecm-in" Owner="lvgi\Ecmadmin" OwnerGroupName="sp-glvgi-ecm-in-grant-access" Description="sp-glvgi-ecm-in" Permission="Contributor" Action="create">
        <Users>
          <User LoginName="lvgi\N0258124"></User>
        </Users>
      </Group>
      <Group Title="sp-glvgi-ecm-in-view" Owner="lvgi\Ecmadmin" OwnerGroupName="sp-glvgi-ecm-in-grant-access" Description="sp-glvgi-ecm-in-view" Permission="Read‐Only LVGI Employees" Action="create">
        <Users>
          <User LoginName="lvgi\N0258124"></User>
        </Users>
      </Group>
      <Group Title="sp-glvgi-ecm-in-confidential" Owner="lvgi\Ecmadmin" OwnerGroupName="sp-glvgi-ecm-in-grant-access" Description="sp-glvgi-ecm-in-confidential" Permission="Contributor" Action="create">
        <Users>
          <User LoginName="lvgi\N0258124"></User>
        </Users>
      </Group>
      <Group Title="sp-glvgi-ecm-in-owner" Owner="lvgi\Ecmadmin" OwnerGroupName="sp-glvgi-ecm-in-grant-access" Description="sp-glvgi-ecm-in-owner" Permission="Full Control" Action="create">
        <Users>
          <User LoginName="lvgi\N0258124"></User>
        </Users>
      </Group>
      <Group Title="sp-glvgi-ecm-in-site-admin" Owner="lvgi\Ecmadmin" OwnerGroupName="sp-glvgi-ecm-in-grant-access" Description="sp-glvgi-ecm-in-site-admin" Permission="Site Administrator" Action="create">
        <Users>
          <User LoginName="lvgi\N0258124"></User>
        </Users>
      </Group>
      <Group Title="sp-glvgi-ecm-in-auditors" Owner="lvgi\Ecmadmin" OwnerGroupName="sp-glvgi-ecm-in-grant-access" Description="sp-glvgi-ecm-in-auditors" Permission="Read‐Only LVGI Employees" Action="create">
        <Users>
          <User LoginName="lvgi\N0258124"></User>
        </Users>
      </Group>
      <Group Title="sp-glvgi-ecm-in-confidential-read" Owner="lvgi\Ecmadmin" OwnerGroupName="sp-glvgi-ecm-in-grant-access" Description="sp-glvgi-ecm-in-confidential-read" Permission="Read‐Only LVGI Employees" Action="create">
        <Users>
          <User LoginName="lvgi\N0258124"/>
        </Users>
      </Group>
      <Group Title="Not Available" Owner="lvgi\Ecmadmin" OwnerGroupName="sp-glvgi-ecm-in-grant-access" Description="Not Available" Permission="Read‐Only LVGI Employees" Action="create">
      </Group>
    </Groups>
  </Site>
  <Site url="http://IN-KA-DC-PECMW1/in/Health">
    <Groups>
      <Group Title="sp-glvgi-ecm-in-grant-access" Owner="lvgi\Ecmadmin" OwnerGroupName="sp-glvgi-ecm-in-grant-access" Description="sp-glvgi-ecm-in-grant-access" Permission="Grant Access" Action="create">
        <Users>
          <User LoginName="lvgi\N0258124"></User>
        </Users>
      </Group>
      <Group Title="sp-glvgi-ecm-in" Owner="lvgi\Ecmadmin" OwnerGroupName="sp-glvgi-ecm-in-grant-access" Description="sp-glvgi-ecm-in" Permission="Contributor" Action="create">
        <Users>
          <User LoginName="lvgi\N0258124"></User>
        </Users>
      </Group>
      <Group Title="sp-glvgi-ecm-in-view" Owner="lvgi\Ecmadmin" OwnerGroupName="sp-glvgi-ecm-in-grant-access" Description="sp-glvgi-ecm-in-view" Permission="Read‐Only LVGI Employees" Action="create">
        <Users>
          <User LoginName="lvgi\N0258124"></User>
        </Users>
      </Group>
      <Group Title="sp-glvgi-ecm-in-confidential" Owner="lvgi\Ecmadmin" OwnerGroupName="sp-glvgi-ecm-in-grant-access" Description="sp-glvgi-ecm-in-confidential" Permission="Contributor" Action="create">
        <Users>
          <User LoginName="lvgi\N0258124"></User>
        </Users>
      </Group>
      <Group Title="sp-glvgi-ecm-in-owner" Owner="lvgi\Ecmadmin" OwnerGroupName="sp-glvgi-ecm-in-grant-access" Description="sp-glvgi-ecm-in-owner" Permission="Full Control" Action="create">
        <Users>
          <User LoginName="lvgi\N0258124"></User>
        </Users>
      </Group>
      <Group Title="sp-glvgi-ecm-in-site-admin" Owner="lvgi\Ecmadmin" OwnerGroupName="sp-glvgi-ecm-in-grant-access" Description="sp-glvgi-ecm-in-site-admin" Permission="Site Administrator" Action="create">
        <Users>
          <User LoginName="lvgi\N0258124"></User>
        </Users>
      </Group>
      <Group Title="sp-glvgi-ecm-in-auditors" Owner="lvgi\Ecmadmin" OwnerGroupName="sp-glvgi-ecm-in-grant-access" Description="sp-glvgi-ecm-in-auditors" Permission="Read‐Only LVGI Employees" Action="create">
        <Users>
          <User LoginName="lvgi\N0258124"></User>
        </Users>
      </Group>
      <Group Title="sp-glvgi-ecm-in-confidential-read" Owner="lvgi\Ecmadmin" OwnerGroupName="sp-glvgi-ecm-in-grant-access" Description="sp-glvgi-ecm-in-confidential-read" Permission="Read‐Only LVGI Employees" Action="create">
        <Users>
          <User LoginName="lvgi\N0258124"/>
        </Users>
      </Group>
      <Group Title="Not Available" Owner="lvgi\Ecmadmin" OwnerGroupName="sp-glvgi-ecm-in-grant-access" Description="Not Available" Permission="Read‐Only LVGI Employees" Action="create">
      </Group>
    </Groups>
  </Site>
  <Site url="http://IN-KA-DC-PECMW1/in/Motor">
    <Groups>
      <Group Title="sp-glvgi-ecm-in-grant-access" Owner="lvgi\Ecmadmin" OwnerGroupName="sp-glvgi-ecm-in-grant-access" Description="sp-glvgi-ecm-in-grant-access" Permission="Grant Access" Action="create">
        <Users>
          <User LoginName="lvgi\N0258124"></User>
        </Users>
      </Group>
      <Group Title="sp-glvgi-ecm-in" Owner="lvgi\Ecmadmin" OwnerGroupName="sp-glvgi-ecm-in-grant-access" Description="sp-glvgi-ecm-in" Permission="Contributor" Action="create">
        <Users>
          <User LoginName="lvgi\N0258124"></User>
        </Users>
      </Group>
      <Group Title="sp-glvgi-ecm-in-view" Owner="lvgi\Ecmadmin" OwnerGroupName="sp-glvgi-ecm-in-grant-access" Description="sp-glvgi-ecm-in-view" Permission="Read‐Only LVGI Employees" Action="create">
        <Users>
          <User LoginName="lvgi\N0258124"></User>
        </Users>
      </Group>
      <Group Title="sp-glvgi-ecm-in-confidential" Owner="lvgi\Ecmadmin" OwnerGroupName="sp-glvgi-ecm-in-grant-access" Description="sp-glvgi-ecm-in-confidential" Permission="Contributor" Action="create">
        <Users>
          <User LoginName="lvgi\N0258124"></User>
        </Users>
      </Group>
      <Group Title="sp-glvgi-ecm-in-owner" Owner="lvgi\Ecmadmin" OwnerGroupName="sp-glvgi-ecm-in-grant-access" Description="sp-glvgi-ecm-in-owner" Permission="Full Control" Action="create">
        <Users>
          <User LoginName="lvgi\N0258124"></User>
        </Users>
      </Group>
      <Group Title="sp-glvgi-ecm-in-site-admin" Owner="lvgi\Ecmadmin" OwnerGroupName="sp-glvgi-ecm-in-grant-access" Description="sp-glvgi-ecm-in-site-admin" Permission="Site Administrator" Action="create">
        <Users>
          <User LoginName="lvgi\N0258124"></User>
        </Users>
      </Group>
      <Group Title="sp-glvgi-ecm-in-auditors" Owner="lvgi\Ecmadmin" OwnerGroupName="sp-glvgi-ecm-in-grant-access" Description="sp-glvgi-ecm-in-auditors" Permission="Read‐Only LVGI Employees" Action="create">
        <Users>
          <User LoginName="lvgi\N0258124"></User>
        </Users>
      </Group>
      <Group Title="sp-glvgi-ecm-in-confidential-read" Owner="lvgi\Ecmadmin" OwnerGroupName="sp-glvgi-ecm-in-grant-access" Description="sp-glvgi-ecm-in-confidential-read" Permission="Read‐Only LVGI Employees" Action="create">
        <Users>
          <User LoginName="lvgi\N0258124"/>
        </Users>
      </Group>
      <Group Title="Not Available" Owner="lvgi\Ecmadmin" OwnerGroupName="sp-glvgi-ecm-in-grant-access" Description="Not Available" Permission="Read‐Only LVGI Employees" Action="create">
      </Group>
    </Groups>
  </Site>
  <Site url="http://IN-KA-DC-PECMW1/sites/help">
    <Groups>
      <Group Title="sp-glvgi-ecm-in-visitors" Owner="lvgi\Ecmadmin" OwnerGroupName="sp-glvgi-ecm-in-grant-access" Description="sp-glvgi-ecm-in-visitors" Permission="Read" Action="create">
        <Users>
          <User LoginName="lvgi\N0258124"></User>
        </Users>
      </Group>
    </Groups>
  </Site>
  <Site url="http://IN-KA-DC-PECMW1/sites/searchcenter">
    <Groups>
      <Group Title="sp-glvgi-ecm-in-visitors" Owner="lvgi\Ecmadmin" OwnerGroupName="sp-glvgi-ecm-in-grant-access" Description="sp-glvgi-ecm-in-visitors" Permission="Read" Action="create">
        <Users>
          <User LoginName="lvgi\N0258124"></User>
        </Users>
      </Group>
    </Groups>
  </Site>
</Sites>
