﻿<?xml version="1.0"?>
<Sites>
  <Site url="http://IN-KA-DC-PECMW1">
    <Permissions>
      <Permission Name="Contributor" Description="Contributor" BasePermission="ViewListItems, AddListItems, EditListItems, DeleteListItems, OpenItems, ViewVersions, ViewFormPages, Open, ViewPages, CreateSSCSite, ManagePermissions, BrowseDirectories, BrowseUserInfo, UseClientIntegration, UseRemoteAPIs, EnumeratePermissions" Action="create" ></Permission>
      <Permission Name="Read‐Only LVGI Employees" Description="Read‐Only LVGI Employees" BasePermission="ViewListItems,  OpenItems, ViewVersions, Open, UseRemoteAPIs, UseClientIntegration, ViewPages, BrowseUserInfo, CreateSSCSite, ViewFormPages" Action="create" ></Permission>
      <Permission Name="Read‐Only On Requests" Description="Read‐Only On Requests" BasePermission="ViewListItems,  OpenItems, ViewVersions, Open, UseRemoteAPIs, UseClientIntegration, ViewPages, BrowseUserInfo, CreateSSCSite" Action="create" ></Permission>
      <Permission Name="Site Administrator" Description="Site Administrator" BasePermission="FullMask" Action="create"></Permission>
      <Permission Name="Grant Access" Description="Grant Access" BasePermission="ViewListItems, OpenItems, ViewVersions, ManageLists, ViewFormPages, Open, ViewPages, CreateSSCSite, ManagePermissions, BrowseDirectories, BrowseUserInfo, UseClientIntegration, UseRemoteAPIs, EnumeratePermissions" Action="create" ></Permission>
    </Permissions>
  </Site>
 <Site url="http://IN-KA-DC-PECMW1/in/FIRE">
    <Permissions>
      <Permission Name="Contributor" Description="Contributor" BasePermission="ViewListItems, AddListItems, EditListItems, DeleteListItems, OpenItems, ViewVersions, ViewFormPages, Open, ViewPages, CreateSSCSite, ManagePermissions, BrowseDirectories, BrowseUserInfo, UseClientIntegration, UseRemoteAPIs, EnumeratePermissions" Action="create" ></Permission>
      <Permission Name="Read‐Only LVGI Employees" Description="Read‐Only LVGI Employees" BasePermission="ViewListItems,  OpenItems, ViewVersions, Open, UseRemoteAPIs, UseClientIntegration, ViewPages, BrowseUserInfo, CreateSSCSite, ViewFormPages" Action="create" ></Permission>
      <Permission Name="Read‐Only On Requests" Description="Read‐Only On Requests" BasePermission="ViewListItems,  OpenItems, ViewVersions, Open, UseRemoteAPIs, UseClientIntegration, ViewPages, BrowseUserInfo, CreateSSCSite" Action="create" ></Permission>
      <Permission Name="Site Administrator" Description="Site Administrator" BasePermission="FullMask" Action="create"></Permission>
      <Permission Name="Grant Access" Description="Grant Access" BasePermission="ViewListItems, OpenItems, ViewVersions, ManageLists, ViewFormPages, Open, ViewPages, CreateSSCSite, ManagePermissions, BrowseDirectories, BrowseUserInfo, UseClientIntegration, UseRemoteAPIs, EnumeratePermissions" Action="create" ></Permission>
    </Permissions>
  </Site>
  <Site url="http://IN-KA-DC-PECMW1/in/ENGG">
    <Permissions>
      <Permission Name="Contributor" Description="Contributor" BasePermission="ViewListItems, AddListItems, EditListItems, DeleteListItems, OpenItems, ViewVersions, ViewFormPages, Open, ViewPages, CreateSSCSite, ManagePermissions, BrowseDirectories, BrowseUserInfo, UseClientIntegration, UseRemoteAPIs, EnumeratePermissions" Action="create" ></Permission>
      <Permission Name="Read‐Only LVGI Employees" Description="Read‐Only LVGI Employees" BasePermission="ViewListItems,  OpenItems, ViewVersions, Open, UseRemoteAPIs, UseClientIntegration, ViewPages, BrowseUserInfo, CreateSSCSite, ViewFormPages" Action="create" ></Permission>
      <Permission Name="Read‐Only On Requests" Description="Read‐Only On Requests" BasePermission="ViewListItems,  OpenItems, ViewVersions, Open, UseRemoteAPIs, UseClientIntegration, ViewPages, BrowseUserInfo, CreateSSCSite" Action="create" ></Permission>
      <Permission Name="Site Administrator" Description="Site Administrator" BasePermission="FullMask" Action="create"></Permission>
      <Permission Name="Grant Access" Description="Grant Access" BasePermission="ViewListItems, OpenItems, ViewVersions, ManageLists, ViewFormPages, Open, ViewPages, CreateSSCSite, ManagePermissions, BrowseDirectories, BrowseUserInfo, UseClientIntegration, UseRemoteAPIs, EnumeratePermissions" Action="create" ></Permission>
    </Permissions>
  </Site>
  <Site url="http://IN-KA-DC-PECMW1/in/MISC">
    <Permissions>
      <Permission Name="Contributor" Description="Contributor" BasePermission="ViewListItems, AddListItems, EditListItems, DeleteListItems, OpenItems, ViewVersions, ViewFormPages, Open, ViewPages, CreateSSCSite, ManagePermissions, BrowseDirectories, BrowseUserInfo, UseClientIntegration, UseRemoteAPIs, EnumeratePermissions" Action="create" ></Permission>
      <Permission Name="Read‐Only LVGI Employees" Description="Read‐Only LVGI Employees" BasePermission="ViewListItems,  OpenItems, ViewVersions, Open, UseRemoteAPIs, UseClientIntegration, ViewPages, BrowseUserInfo, CreateSSCSite, ViewFormPages" Action="create" ></Permission>
      <Permission Name="Read‐Only On Requests" Description="Read‐Only On Requests" BasePermission="ViewListItems,  OpenItems, ViewVersions, Open, UseRemoteAPIs, UseClientIntegration, ViewPages, BrowseUserInfo, CreateSSCSite" Action="create" ></Permission>
      <Permission Name="Site Administrator" Description="Site Administrator" BasePermission="FullMask" Action="create"></Permission>
      <Permission Name="Grant Access" Description="Grant Access" BasePermission="ViewListItems, OpenItems, ViewVersions, ManageLists, ViewFormPages, Open, ViewPages, CreateSSCSite, ManagePermissions, BrowseDirectories, BrowseUserInfo, UseClientIntegration, UseRemoteAPIs, EnumeratePermissions" Action="create" ></Permission>
    </Permissions>
  </Site>
  <Site url="http://IN-KA-DC-PECMW1/in/MARINE_CARGO">
    <Permissions>
      <Permission Name="Contributor" Description="Contributor" BasePermission="ViewListItems, AddListItems, EditListItems, DeleteListItems, OpenItems, ViewVersions, ViewFormPages, Open, ViewPages, CreateSSCSite, ManagePermissions, BrowseDirectories, BrowseUserInfo, UseClientIntegration, UseRemoteAPIs, EnumeratePermissions" Action="create" ></Permission>
      <Permission Name="Read‐Only LVGI Employees" Description="Read‐Only LVGI Employees" BasePermission="ViewListItems,  OpenItems, ViewVersions, Open, UseRemoteAPIs, UseClientIntegration, ViewPages, BrowseUserInfo, CreateSSCSite, ViewFormPages" Action="create" ></Permission>
      <Permission Name="Read‐Only On Requests" Description="Read‐Only On Requests" BasePermission="ViewListItems,  OpenItems, ViewVersions, Open, UseRemoteAPIs, UseClientIntegration, ViewPages, BrowseUserInfo, CreateSSCSite" Action="create" ></Permission>
      <Permission Name="Site Administrator" Description="Site Administrator" BasePermission="FullMask" Action="create"></Permission>
      <Permission Name="Grant Access" Description="Grant Access" BasePermission="ViewListItems, OpenItems, ViewVersions, ManageLists, ViewFormPages, Open, ViewPages, CreateSSCSite, ManagePermissions, BrowseDirectories, BrowseUserInfo, UseClientIntegration, UseRemoteAPIs, EnumeratePermissions" Action="create" ></Permission>
    </Permissions>
  </Site>
  <Site url="http://IN-KA-DC-PECMW1/in/Liability">
    <Permissions>
      <Permission Name="Contributor" Description="Contributor" BasePermission="ViewListItems, AddListItems, EditListItems, DeleteListItems, OpenItems, ViewVersions, ViewFormPages, Open, ViewPages, CreateSSCSite, ManagePermissions, BrowseDirectories, BrowseUserInfo, UseClientIntegration, UseRemoteAPIs, EnumeratePermissions" Action="create" ></Permission>
      <Permission Name="Read‐Only LVGI Employees" Description="Read‐Only LVGI Employees" BasePermission="ViewListItems,  OpenItems, ViewVersions, Open, UseRemoteAPIs, UseClientIntegration, ViewPages, BrowseUserInfo, CreateSSCSite, ViewFormPages" Action="create" ></Permission>
      <Permission Name="Read‐Only On Requests" Description="Read‐Only On Requests" BasePermission="ViewListItems,  OpenItems, ViewVersions, Open, UseRemoteAPIs, UseClientIntegration, ViewPages, BrowseUserInfo, CreateSSCSite" Action="create" ></Permission>
      <Permission Name="Site Administrator" Description="Site Administrator" BasePermission="FullMask" Action="create"></Permission>
      <Permission Name="Grant Access" Description="Grant Access" BasePermission="ViewListItems, OpenItems, ViewVersions, ManageLists, ViewFormPages, Open, ViewPages, CreateSSCSite, ManagePermissions, BrowseDirectories, BrowseUserInfo, UseClientIntegration, UseRemoteAPIs, EnumeratePermissions" Action="create" ></Permission>
    </Permissions>
  </Site>
  <Site url="http://IN-KA-DC-PECMW1/in/Personal_Accident">
    <Permissions>
      <Permission Name="Contributor" Description="Contributor" BasePermission="ViewListItems, AddListItems, EditListItems, DeleteListItems, OpenItems, ViewVersions, ViewFormPages, Open, ViewPages, CreateSSCSite, ManagePermissions, BrowseDirectories, BrowseUserInfo, UseClientIntegration, UseRemoteAPIs, EnumeratePermissions" Action="create" ></Permission>
      <Permission Name="Read‐Only LVGI Employees" Description="Read‐Only LVGI Employees" BasePermission="ViewListItems,  OpenItems, ViewVersions, Open, UseRemoteAPIs, UseClientIntegration, ViewPages, BrowseUserInfo, CreateSSCSite, ViewFormPages" Action="create" ></Permission>
      <Permission Name="Read‐Only On Requests" Description="Read‐Only On Requests" BasePermission="ViewListItems,  OpenItems, ViewVersions, Open, UseRemoteAPIs, UseClientIntegration, ViewPages, BrowseUserInfo, CreateSSCSite" Action="create" ></Permission>
      <Permission Name="Site Administrator" Description="Site Administrator" BasePermission="FullMask" Action="create"></Permission>
      <Permission Name="Grant Access" Description="Grant Access" BasePermission="ViewListItems, OpenItems, ViewVersions, ManageLists, ViewFormPages, Open, ViewPages, CreateSSCSite, ManagePermissions, BrowseDirectories, BrowseUserInfo, UseClientIntegration, UseRemoteAPIs, EnumeratePermissions" Action="create" ></Permission>
    </Permissions>
  </Site>
  <Site url="http://IN-KA-DC-PECMW1/in/Health">
    <Permissions>
      <Permission Name="Contributor" Description="Contributor" BasePermission="ViewListItems, AddListItems, EditListItems, DeleteListItems, OpenItems, ViewVersions, ViewFormPages, Open, ViewPages, CreateSSCSite, ManagePermissions, BrowseDirectories, BrowseUserInfo, UseClientIntegration, UseRemoteAPIs, EnumeratePermissions" Action="create" ></Permission>
      <Permission Name="Read‐Only LVGI Employees" Description="Read‐Only LVGI Employees" BasePermission="ViewListItems,  OpenItems, ViewVersions, Open, UseRemoteAPIs, UseClientIntegration, ViewPages, BrowseUserInfo, CreateSSCSite, ViewFormPages" Action="create" ></Permission>
      <Permission Name="Read‐Only On Requests" Description="Read‐Only On Requests" BasePermission="ViewListItems,  OpenItems, ViewVersions, Open, UseRemoteAPIs, UseClientIntegration, ViewPages, BrowseUserInfo, CreateSSCSite" Action="create" ></Permission>
      <Permission Name="Site Administrator" Description="Site Administrator" BasePermission="FullMask" Action="create"></Permission>
      <Permission Name="Grant Access" Description="Grant Access" BasePermission="ViewListItems, OpenItems, ViewVersions, ManageLists, ViewFormPages, Open, ViewPages, CreateSSCSite, ManagePermissions, BrowseDirectories, BrowseUserInfo, UseClientIntegration, UseRemoteAPIs, EnumeratePermissions" Action="create" ></Permission>
    </Permissions>
  </Site>
  <Site url="http://IN-KA-DC-PECMW1/in/Motor">
    <Permissions>
      <Permission Name="Contributor" Description="Contributor" BasePermission="ViewListItems, AddListItems, EditListItems, DeleteListItems, OpenItems, ViewVersions, ViewFormPages, Open, ViewPages, CreateSSCSite, ManagePermissions, BrowseDirectories, BrowseUserInfo, UseClientIntegration, UseRemoteAPIs, EnumeratePermissions" Action="create" ></Permission>
      <Permission Name="Read‐Only LVGI Employees" Description="Read‐Only LVGI Employees" BasePermission="ViewListItems,  OpenItems, ViewVersions, Open, UseRemoteAPIs, UseClientIntegration, ViewPages, BrowseUserInfo, CreateSSCSite, ViewFormPages" Action="create" ></Permission>
      <Permission Name="Read‐Only On Requests" Description="Read‐Only On Requests" BasePermission="ViewListItems,  OpenItems, ViewVersions, Open, UseRemoteAPIs, UseClientIntegration, ViewPages, BrowseUserInfo, CreateSSCSite" Action="create" ></Permission>
      <Permission Name="Site Administrator" Description="Site Administrator" BasePermission="FullMask" Action="create"></Permission>
      <Permission Name="Grant Access" Description="Grant Access" BasePermission="ViewListItems, OpenItems, ViewVersions, ManageLists, ViewFormPages, Open, ViewPages, CreateSSCSite, ManagePermissions, BrowseDirectories, BrowseUserInfo, UseClientIntegration, UseRemoteAPIs, EnumeratePermissions" Action="create" ></Permission>
    </Permissions>
  </Site>
</Sites>