﻿<?xml version="1.0" encoding="utf-8"?>
<Elements xmlns="http://schemas.microsoft.com/sharepoint/">
  <Module Name="SearchPageLayouts" Url="_catalogs/masterpage">
    <File Path="SearchPageLayouts\ECM_SearchAdvanced.aspx" Url="ECM_SearchAdvanced.aspx" Type="GhostableInLibrary" Level="Published" ReplaceContent="TRUE"  >
      <!-- Page Layout Options -->
      <Property Name="ContentTypeId" Value="0x01010007FF3E057FA8AB4AA42FCB67B453FFC100E214EEE741181F4E9F7ACC43278EE8110003D357F861E29844953D5CAA1D4D8A3" />
      <Property Name="UIVersion" Value="15" />
      <Property Name="ContentType" Value="Page Layout" />
      <Property Name="_ModerationStatus" Value="0" />
      <Property Name="FSObjType" Value="0" />
      <Property Name="PublishingAssociatedContentType" Value=";#Article Page;#0x010100C568DB52D9D0A14D9B2FDCC96666E9F2007948130EC3DB064584E219954237AF3900242457EFB8B24247815D688C526CD44D;#"/>
      <!--Search Navigation-->
      <AllUsersWebPart WebPartZoneID="x1fe69f9ff71143b19aa9bccf2efe6b7b" WebPartOrder="1">
        <![CDATA[<webParts>
  <webPart xmlns="http://schemas.microsoft.com/WebPart/v3">
    <metaData>
      <type name="Microsoft.Office.Server.Search.WebControls.SearchNavigationWebPart, Microsoft.Office.Server.Search, Version=15.0.0.0, Culture=neutral, PublicKeyToken=71e9bce111e9429c" />
      <importErrorMessage>Cannot import this Web Part.</importErrorMessage>
    </metaData>
    <data>
      <properties>
        <property name="QueryGroupName" type="string">Default</property>
        <property name="Description" type="string">This webpart helps the users to navigate among search verticals</property>
        <property name="HelpUrl" type="string" />
        <property name="Hidden" type="bool">False</property>
        <property name="MissingAssembly" type="string">Cannot import this Web Part.</property>
        <property name="Title" type="string">Search Navigation</property>
        <property name="CatalogIconImageUrl" type="string" />
        <property name="MaxLinksBeforeOverflow" type="int">5</property>
        <property name="AllowHide" type="bool">True</property>
        <property name="AllowMinimize" type="bool">True</property>
        <property name="AllowZoneChange" type="bool">True</property>
        <property name="TitleUrl" type="string" />
        <property name="ExportMode" type="exportmode">All</property>
        <property name="ChromeType" type="chrometype">None</property>
        <property name="AllowConnect" type="bool">True</property>
        <property name="Width" type="string" />
        <property name="Height" type="string" />
        <property name="HelpMode" type="helpmode">Modeless</property>
        <property name="AllowEdit" type="bool">True</property>
        <property name="TitleIconImageUrl" type="string" />
        <property name="Direction" type="direction">NotSet</property>
        <property name="AllowClose" type="bool">True</property>
        <property name="ChromeState" type="chromestate">Normal</property>
      </properties>
    </data>
  </webPart>
</webParts>]]>
      </AllUsersWebPart>
      <!--Advanced Search-->
      <AllUsersWebPart WebPartZoneID="x1fe69f9ff71143b19aa9bccf2efe6b7b" WebPartOrder="2">
        <![CDATA[<?xml version="1.0" encoding="utf-8"?>
<WebPart xmlns:xsd="http://www.w3.org/2001/XMLSchema" xmlns:xsi="http://www.w3.org/2001/XMLSchema-instance" xmlns="http://schemas.microsoft.com/WebPart/v2">
  <Title>Advanced Search Box</Title>
  <FrameType>None</FrameType>
  <Description>Displays parameterized search options based on properties and combinations of words.</Description>
  <IsIncluded>true</IsIncluded>
  <ZoneID>x1fe69f9ff71143b19aa9bccf2efe6b7b</ZoneID>
  <PartOrder>2</PartOrder>
  <FrameState>Normal</FrameState>
  <Height />
  <Width />
  <AllowRemove>true</AllowRemove>
  <AllowZoneChange>true</AllowZoneChange>
  <AllowMinimize>true</AllowMinimize>
  <AllowConnect>true</AllowConnect>
  <AllowEdit>true</AllowEdit>
  <AllowHide>true</AllowHide>
  <IsVisible>true</IsVisible>
  <DetailLink />
  <HelpLink />
  <HelpMode>Modeless</HelpMode>
  <Dir>Default</Dir>
  <PartImageSmall />
  <MissingAssembly>Cannot import this Web Part.</MissingAssembly>
  <PartImageLarge />
  <IsIncludedFilter />
  <Assembly>Microsoft.Office.Server.Search, Version=15.0.0.0, Culture=neutral, PublicKeyToken=71e9bce111e9429c</Assembly>
  <TypeName>Microsoft.Office.Server.Search.WebControls.AdvancedSearchBox</TypeName>
  <SearchResultPageURL xmlns="urn:schemas-microsoft-com:AdvancedSearchBox">/Pages/ResultsPage.aspx</SearchResultPageURL>
  <TextQuerySectionLabelText xmlns="urn:schemas-microsoft-com:AdvancedSearchBox" />
  <ShowAndQueryTextBox xmlns="urn:schemas-microsoft-com:AdvancedSearchBox">false</ShowAndQueryTextBox>
  <AndQueryTextBoxLabelText xmlns="urn:schemas-microsoft-com:AdvancedSearchBox" />
  <ShowPhraseQueryTextBox xmlns="urn:schemas-microsoft-com:AdvancedSearchBox">false</ShowPhraseQueryTextBox>
  <PhraseQueryTextBoxLabelText xmlns="urn:schemas-microsoft-com:AdvancedSearchBox" />
  <ShowOrQueryTextBox xmlns="urn:schemas-microsoft-com:AdvancedSearchBox">false</ShowOrQueryTextBox>
  <OrQueryTextBoxLabelText xmlns="urn:schemas-microsoft-com:AdvancedSearchBox" />
  <ShowNotQueryTextBox xmlns="urn:schemas-microsoft-com:AdvancedSearchBox">false</ShowNotQueryTextBox>
  <NotQueryTextBoxLabelText xmlns="urn:schemas-microsoft-com:AdvancedSearchBox" />
  <ScopeSectionLabelText xmlns="urn:schemas-microsoft-com:AdvancedSearchBox" />
  <ShowScopes xmlns="urn:schemas-microsoft-com:AdvancedSearchBox">false</ShowScopes>
  <ScopeLabelText xmlns="urn:schemas-microsoft-com:AdvancedSearchBox" />
  <DisplayGroup xmlns="urn:schemas-microsoft-com:AdvancedSearchBox">Advanced Search</DisplayGroup>
  <ShowLanguageOptions xmlns="urn:schemas-microsoft-com:AdvancedSearchBox">false</ShowLanguageOptions>
  <LanguagesLabelText xmlns="urn:schemas-microsoft-com:AdvancedSearchBox" />
  <ShowResultTypePicker xmlns="urn:schemas-microsoft-com:AdvancedSearchBox">true</ShowResultTypePicker>
  <ResultTypeLabelText xmlns="urn:schemas-microsoft-com:AdvancedSearchBox" />
  <ShowPropertiesSection xmlns="urn:schemas-microsoft-com:AdvancedSearchBox">true</ShowPropertiesSection>
  <PropertiesSectionLabelText xmlns="urn:schemas-microsoft-com:AdvancedSearchBox" />
  <Properties xmlns="urn:schemas-microsoft-com:AdvancedSearchBox">&lt;root xmlns:xsi="http://www.w3.org/2001/XMLSchema-instance"&gt;  &lt;LangDefs&gt;    &lt;LangDef DisplayName="Arabic" LangID="ar"/&gt;    &lt;LangDef DisplayName="Bengali" LangID="bn"/&gt;    &lt;LangDef DisplayName="Bulgarian" LangID="bg"/&gt;    &lt;LangDef DisplayName="Catalan" LangID="ca"/&gt;    &lt;LangDef DisplayName="Simplified Chinese" LangID="zh-cn"/&gt;    &lt;LangDef DisplayName="Traditional Chinese" LangID="zh-tw"/&gt;    &lt;LangDef DisplayName="Croatian" LangID="hr"/&gt;    &lt;LangDef DisplayName="Czech" LangID="cs"/&gt;    &lt;LangDef DisplayName="Danish" LangID="da"/&gt;    &lt;LangDef DisplayName="Dutch" LangID="nl"/&gt;    &lt;LangDef DisplayName="English" LangID="en"/&gt;    &lt;LangDef DisplayName="Finnish" LangID="fi"/&gt;    &lt;LangDef DisplayName="French" LangID="fr"/&gt;    &lt;LangDef DisplayName="German" LangID="de"/&gt;    &lt;LangDef DisplayName="Greek" LangID="el"/&gt;    &lt;LangDef DisplayName="Gujarati" LangID="gu"/&gt;    &lt;LangDef DisplayName="Hebrew" LangID="he"/&gt;    &lt;LangDef DisplayName="Hindi" LangID="hi"/&gt;    &lt;LangDef DisplayName="Hungarian" LangID="hu"/&gt;    &lt;LangDef DisplayName="Icelandic" LangID="is"/&gt;    &lt;LangDef DisplayName="Indonesian" LangID="id"/&gt;    &lt;LangDef DisplayName="Italian" LangID="it"/&gt;    &lt;LangDef DisplayName="Japanese" LangID="ja"/&gt;    &lt;LangDef DisplayName="Kannada" LangID="kn"/&gt;    &lt;LangDef DisplayName="Korean" LangID="ko"/&gt;    &lt;LangDef DisplayName="Latvian" LangID="lv"/&gt;    &lt;LangDef DisplayName="Lithuanian" LangID="lt"/&gt;    &lt;LangDef DisplayName="Malay" LangID="ms"/&gt;    &lt;LangDef DisplayName="Malayalam" LangID="ml"/&gt;    &lt;LangDef DisplayName="Marathi" LangID="mr"/&gt;    &lt;LangDef DisplayName="Norwegian" LangID="no"/&gt;    &lt;LangDef DisplayName="Polish" LangID="pl"/&gt;    &lt;LangDef DisplayName="Portuguese" LangID="pt"/&gt;    &lt;LangDef DisplayName="Punjabi" LangID="pa"/&gt;    &lt;LangDef DisplayName="Romanian" LangID="ro"/&gt;    &lt;LangDef DisplayName="Russian" LangID="ru"/&gt;    &lt;LangDef DisplayName="Slovak" LangID="sk"/&gt;    &lt;LangDef DisplayName="Slovenian" LangID="sl"/&gt;    &lt;LangDef DisplayName="Spanish" LangID="es"/&gt;    &lt;LangDef DisplayName="Swedish" LangID="sv"/&gt;    &lt;LangDef DisplayName="Tamil" LangID="ta"/&gt;    &lt;LangDef DisplayName="Telugu" LangID="te"/&gt;    &lt;LangDef DisplayName="Thai" LangID="th"/&gt;    &lt;LangDef DisplayName="Turkish" LangID="tr"/&gt;    &lt;LangDef DisplayName="Ukrainian" LangID="uk"/&gt;    &lt;LangDef DisplayName="Urdu" LangID="ur"/&gt;    &lt;LangDef DisplayName="Vietnamese" LangID="vi"/&gt;  &lt;/LangDefs&gt;  &lt;Languages&gt;    &lt;Language LangRef="en"/&gt;    &lt;Language LangRef="fr"/&gt;    &lt;Language LangRef="de"/&gt;    &lt;Language LangRef="ja"/&gt;    &lt;Language LangRef="zh-cn"/&gt;    &lt;Language LangRef="es"/&gt;    &lt;Language LangRef="zh-tw"/&gt;  &lt;/Languages&gt;  &lt;PropertyDefs&gt;    &lt;PropertyDef Name="Path" DataType="url" DisplayName="URL"/&gt;    &lt;PropertyDef Name="Size" DataType="integer" DisplayName="Size (bytes)"/&gt;    &lt;PropertyDef Name="Write" DataType="datetime" DisplayName="Last Modified Date"/&gt;    &lt;PropertyDef Name="FileName" DataType="text" DisplayName="Name"/&gt;    &lt;PropertyDef Name="Description" DataType="text" DisplayName="Description"/&gt;    &lt;PropertyDef Name="Title" DataType="text" DisplayName="Title"/&gt;    &lt;PropertyDef Name="Author" DataType="text" DisplayName="Author"/&gt;    &lt;PropertyDef Name="DocSubject" DataType="text" DisplayName="Subject"/&gt;    &lt;PropertyDef Name="DocKeywords" DataType="text" DisplayName="Keywords"/&gt;    &lt;PropertyDef Name="DocComments" DataType="text" DisplayName="Comments"/&gt;    &lt;PropertyDef Name="CreatedBy" DataType="text" DisplayName="Created By"/&gt;    &lt;PropertyDef Name="ModifiedBy" DataType="text" DisplayName="Last Modified By"/&gt;    &lt;PropertyDef Name="EFBatchNumberOWSTEXT" DataType="text" DisplayName="Batch Number" /&gt;    &lt;PropertyDef Name="EFBranchCodeOWSTEXT" DataType="text" DisplayName="Branch Code" /&gt;    &lt;PropertyDef Name="EFBranchNameOWSTEXT" DataType="text" DisplayName="Branch Name" /&gt;    &lt;PropertyDef Name="EFCaseIdOWSTEXT" DataType="text" DisplayName="Case Id" /&gt;    &lt;PropertyDef Name="EFPolicyExpiryDateRefOWSDATE" DataType="datetime" DisplayName="Expiration Date" /&gt;    &lt;PropertyDef Name="EFPolicyInceptionDateRefOWSDATE" DataType="datetime" DisplayName="Inception Date" /&gt;    &lt;PropertyDef Name="EFInsuredNameOWSTEXT" DataType="text" DisplayName="Insured Name" /&gt;    &lt;PropertyDef Name="EFIntermediaryCodeOWSTEXT" DataType="text" DisplayName="Intermediary Code" /&gt;    &lt;PropertyDef Name="EFIntermediaryNameOWSTEXT" DataType="text" DisplayName="Intermediary Name" /&gt;    &lt;PropertyDef Name="EFLOBOWSTEXT" DataType="text" DisplayName="Line of Business" /&gt;    &lt;PropertyDef Name="EFPolicyNumberOWSTEXT" DataType="text" DisplayName="Policy Number" /&gt;    &lt;PropertyDef Name="EFProductOWSTEXT" DataType="text" DisplayName="Product" /&gt;    &lt;PropertyDef Name="EFQuoteNumberOWSTEXT" DataType="text" DisplayName="Quote Number" /&gt;    &lt;PropertyDef Name="EFSourceSystemNameOWSTEXT" DataType="text" DisplayName="Source System Name" /&gt;    &lt;PropertyDef Name="EFUnderwriterOWSUSER" DataType="text" DisplayName="Underwriter" /&gt;    &lt;PropertyDef Name="EFZoneOWSTEXT" DataType="text" DisplayName="Zone" /&gt;  &lt;/PropertyDefs&gt;  &lt;ResultTypes&gt;    &lt;ResultType DisplayName="eFiles" Name="eFiles"&gt;      &lt;KeywordQuery/&gt;      &lt;PropertyRef Name="EFBatchNumberOWSTEXT" /&gt;      &lt;PropertyRef Name="EFBranchCodeOWSTEXT" /&gt;      &lt;PropertyRef Name="EFBranchNameOWSTEXT" /&gt;      &lt;PropertyRef Name="EFCaseIdOWSTEXT" /&gt;      &lt;PropertyRef Name="EFPolicyExpiryDateRefOWSDATE" /&gt;      &lt;PropertyRef Name="EFPolicyInceptionDateRefOWSDATE" /&gt;      &lt;PropertyRef Name="EFInsuredNameOWSTEXT" /&gt;      &lt;PropertyRef Name="EFIntermediaryCodeOWSTEXT" /&gt;      &lt;PropertyRef Name="EFIntermediaryNameOWSTEXT" /&gt;      &lt;PropertyRef Name="EFLOBOWSTEXT" /&gt;      &lt;PropertyRef Name="EFPolicyNumberOWSTEXT" /&gt;      &lt;PropertyRef Name="EFProductOWSTEXT" /&gt;      &lt;PropertyRef Name="EFQuoteNumberOWSTEXT" /&gt;      &lt;PropertyRef Name="EFSourceSystemNameOWSTEXT" /&gt;      &lt;PropertyRef Name="EFUnderwriterOWSUSER" /&gt;      &lt;PropertyRef Name="EFZoneOWSTEXT" /&gt;    &lt;/ResultType&gt;  &lt;/ResultTypes&gt;&lt;/root&gt;</Properties>
</WebPart>]]>
      </AllUsersWebPart>
      <!-- Specific Options -->
      <Property Name="Title" Value="ECM_SearchAdvanced" />
      <Property Name="PageDescription" Value="The advanced search layout for searchcenter." />
    </File>
    <File Path="SearchPageLayouts\ECM_SearchAdvanced.html" Url="ECM_SearchAdvanced.html" Type="GhostableInLibrary" Level="Published" ReplaceContent="TRUE"  >
      <!-- Page Layout Options -->
      <Property Name="ContentTypeId" Value="0x01010007FF3E057FA8AB4AA42FCB67B453FFC100E214EEE741181F4E9F7ACC43278EE8110003D357F861E29844953D5CAA1D4D8A3B" />
      <Property Name="UIVersion" Value="15" />
      <Property Name="ContentType" Value="Html Page Layout" />
      <Property Name="_ModerationStatus" Value="0" />
      <Property Name="FSObjType" Value="0" />
      <Property Name="PublishingAssociatedContentType" Value=";#Article Page;#0x010100C568DB52D9D0A14D9B2FDCC96666E9F2007948130EC3DB064584E219954237AF3900242457EFB8B24247815D688C526CD44D;#"/>

      <!-- Specific Options -->
      <Property Name="Title" Value="ECM_SearchAdvanced" />
      <Property Name="PageDescription" Value="The advanced search layout for searchcenter." />
    </File>

    <File Path="SearchPageLayouts\ECM_SearchBasic.aspx" Url="ECM_SearchBasic.aspx" Type="GhostableInLibrary" Level="Published" ReplaceContent="TRUE"  >
      <!-- Page Layout Options -->
      <Property Name="ContentTypeId" Value="0x01010007FF3E057FA8AB4AA42FCB67B453FFC100E214EEE741181F4E9F7ACC43278EE8110003D357F861E29844953D5CAA1D4D8A3" />
      <Property Name="UIVersion" Value="15" />
      <Property Name="ContentType" Value="Page Layout" />
      <Property Name="_ModerationStatus" Value="0" />
      <Property Name="FSObjType" Value="0" />
      <Property Name="PublishingAssociatedContentType" Value=";#Article Page;#0x010100C568DB52D9D0A14D9B2FDCC96666E9F2007948130EC3DB064584E219954237AF3900242457EFB8B24247815D688C526CD44D;#"/>
      <!--Search Navigation-->
      <AllUsersWebPart WebPartZoneID="xf968e665794e4f509feea495b4fcf416" WebPartOrder="1">
        <![CDATA[<webParts>
  <webPart xmlns="http://schemas.microsoft.com/WebPart/v3">
    <metaData>
      <type name="Microsoft.Office.Server.Search.WebControls.SearchNavigationWebPart, Microsoft.Office.Server.Search, Version=15.0.0.0, Culture=neutral, PublicKeyToken=71e9bce111e9429c" />
      <importErrorMessage>Cannot import this Web Part.</importErrorMessage>
    </metaData>
    <data>
      <properties>
        <property name="QueryGroupName" type="string">Default</property>
        <property name="Description" type="string">This webpart helps the users to navigate among search verticals</property>
        <property name="HelpUrl" type="string" />
        <property name="Hidden" type="bool">False</property>
        <property name="MissingAssembly" type="string">Cannot import this Web Part.</property>
        <property name="Title" type="string">Search Navigation</property>
        <property name="CatalogIconImageUrl" type="string" />
        <property name="MaxLinksBeforeOverflow" type="int">5</property>
        <property name="AllowHide" type="bool">True</property>
        <property name="AllowMinimize" type="bool">True</property>
        <property name="AllowZoneChange" type="bool">True</property>
        <property name="TitleUrl" type="string" />
        <property name="ExportMode" type="exportmode">All</property>
        <property name="ChromeType" type="chrometype">None</property>
        <property name="AllowConnect" type="bool">True</property>
        <property name="Width" type="string" />
        <property name="Height" type="string" />
        <property name="HelpMode" type="helpmode">Modeless</property>
        <property name="AllowEdit" type="bool">True</property>
        <property name="TitleIconImageUrl" type="string" />
        <property name="Direction" type="direction">NotSet</property>
        <property name="AllowClose" type="bool">True</property>
        <property name="ChromeState" type="chromestate">Normal</property>
      </properties>
    </data>
  </webPart>
</webParts>]]>
      </AllUsersWebPart>
      <!--Basic Search-->
      <AllUsersWebPart WebPartZoneID="xf968e665794e4f509feea495b4fcf416" WebPartOrder="2">
        <![CDATA[<webParts>
  <webPart xmlns="http://schemas.microsoft.com/WebPart/v3">
    <metaData>
      <type name="Microsoft.Office.Server.Search.WebControls.SearchBoxScriptWebPart, Microsoft.Office.Server.Search, Version=15.0.0.0, Culture=neutral, PublicKeyToken=71e9bce111e9429c" />
      <importErrorMessage>Cannot import this Web Part.</importErrorMessage>
    </metaData>
    <data>
      <properties>
        <property name="ChromeType" type="chrometype">None</property>
        <property name="QuerySuggestionMinimumPrefixLength" type="int">2</property>
        <property name="Height" type="string" />
        <property name="AdvancedSearchPageAddress" type="string">advanced.aspx</property>
        <property name="AllowEmptySearch" type="bool">False</property>
        <property name="AllowZoneChange" type="bool">True</property>
        <property name="AllowEdit" type="bool">True</property>
        <property name="ShowPreferencesLink" type="bool">False</property>
        <property name="Hidden" type="bool">False</property>
        <property name="UpdatePageTitle" type="bool">True</property>
        <property name="Width" type="string" />
        <property name="Direction" type="direction">NotSet</property>
        <property name="EmitStyleReference" type="bool">True</property>
        <property name="AllowConnect" type="bool">True</property>
        <property name="AllowMinimize" type="bool">True</property>
        <property name="AllowClose" type="bool">True</property>
        <property name="HelpMode" type="helpmode">Modeless</property>
        <property name="ShowNavigation" type="bool">False</property>
        <property name="ExportMode" type="exportmode">All</property>
        <property name="QuerySuggestionsSourceID" type="string">8413CD39-2156-4E00-B54D-11EFD9ABDB89</property>
        <property name="InitialPrompt" type="string" null="true" />
        <property name="QuerySuggestionCount" type="int">5</property>
        <property name="ShowPeopleNameSuggestions" type="bool">False</property>
        <property name="ChromeState" type="chromestate">Normal</property>
        <property name="AllowHide" type="bool">True</property>
        <property name="UseSharedSettings" type="bool">False</property>
        <property name="StatesJson" type="string">{}</property>
        <property name="RenderTemplateId" type="string">&#126;sitecollection/_catalogs/masterpage/Display Templates/Search/Control_SearchBox.js</property>
        <property name="Title" type="string">Search Box</property>
        <property name="Description" type="string">Displays a search box that allows users to search for information.</property>
        <property name="ServerInitialRender" type="bool">False</property>
        <property name="CatalogIconImageUrl" type="string" />
        <property name="MsBeforeShowingProgress" type="int">500</property>
        <property name="PageTitlePrefix" type="string" />
        <property name="ServerIncludeScriptsJson" type="string">null</property>
        <property name="TitleUrl" type="string" />
        <property name="AlternateErrorMessage" type="string" null="true" />
        <property name="ShowQuerySuggestions" type="bool">True</property>
        <property name="DefaultDropdownNodeId" type="int">0</property>
        <property name="SetFocusOnPageLoad" type="bool">True</property>
        <property name="ResultsPageAddress" type="string">/Pages/ResultsPage.aspx</property>
        <property name="ShowAdvancedLink" type="bool">False</property>
        <property name="PersonalResultCount" type="int">3</property>
        <property name="TryInplaceQuery" type="bool">False</property>
        <property name="MaintainQueryState" type="bool">False</property>
        <property name="HelpUrl" type="string" />
        <property name="QuerySuggestionCompletionInterval" type="int">100</property>
        <property name="QueryGroupNamesJson" type="string">["Default"]</property>
        <property name="TitleIconImageUrl" type="string" />
        <property name="MissingAssembly" type="string">Cannot import this Web Part.</property>
      </properties>
    </data>
  </webPart>
</webParts>]]>
      </AllUsersWebPart>
      <!-- Specific Options -->
      <Property Name="Title" Value="ECM_SearchBasic" />
      <Property Name="PageDescription" Value="The basic search layout for searchcenter." />
    </File>
    <File Path="SearchPageLayouts\ECM_SearchBasic.html" Url="ECM_SearchBasic.html" Type="GhostableInLibrary" Level="Published" ReplaceContent="TRUE"  >
      <!-- Page Layout Options -->
      <Property Name="ContentTypeId" Value="0x01010007FF3E057FA8AB4AA42FCB67B453FFC100E214EEE741181F4E9F7ACC43278EE8110003D357F861E29844953D5CAA1D4D8A3B" />
      <Property Name="UIVersion" Value="15" />
      <Property Name="ContentType" Value="Html Page Layout" />
      <Property Name="_ModerationStatus" Value="0" />
      <Property Name="FSObjType" Value="0" />
      <Property Name="PublishingAssociatedContentType" Value=";#Article Page;#0x010100C568DB52D9D0A14D9B2FDCC96666E9F2007948130EC3DB064584E219954237AF3900242457EFB8B24247815D688C526CD44D;#"/>

      <!-- Specific Options -->
      <Property Name="Title" Value="ECM_SearchBasic" />
      <Property Name="PageDescription" Value="The basic search layout for searchcenter." />
    </File>
  </Module>
</Elements>
