﻿<?xml version="1.0" encoding="utf-8" ?>
<ContentTypes>
  <ContentType UpdateIfExists="false" ParentType="Document Set" Name="eFileDSUSPOL110" Group="eFile Manager Content Types" Description="Create a new document.">
    <Fields>
      <Field Name= "EFCountry"></Field>
      <Field Name= "EFFunction"></Field>
      <Field Name= "EFBranch"></Field>
      <Field Name= "EFOffice"></Field>
      <Field Name= "EFGSCompany"></Field>
      <Field Name= "EFLOB"></Field>
      <Field Name= "EFRegion"></Field>
      <Field Name= "EFRiskLocation"></Field>
      <Field Name= "EFSubmissionNumber"></Field>
      <Field Name= "EFPolicyNumber"></Field>
      <Field Name= "EFPolicyYear"></Field>
      <Field Name= "EFPolicyInceptionDate"></Field>
      <Field Name= "EFPolicyExpiryDate"></Field>
      <Field Name= "EFUnderwriter"></Field>
      <Field Name= "EFInsuredName"></Field>
      <Field Name= "EFInsuredCode"></Field>
      <Field Name= "EFBrokerName"></Field>
      <Field Name= "EFBrokerCode" ></Field>
      <Field Name= "EFProduct" ></Field>
      <Field Name= "EFUnderwritingAssistant" ></Field>
      <Field Name= "EFMasterStatus" ></Field>
      <Field Name= "EFCoverageType" ></Field>
      <Field Name= "EFHasActiveClaims"></Field>
      <Field Name= "EFIsSpotlight"></Field>
      <Field Name= "EFIsConfidential"></Field>
      <Field Name= "EFeFileCategory"></Field>
      <Field Name= "EFUWStage"></Field>
      <Field Name= "EFDepartment"></Field>
      <Field Name= "EFeFileExpirationDate"></Field>
      <Field Name= "EFeFileNote"></Field>
      <Field Name= "EFRenewedPolicyNumber"></Field>
      <Field Name= "EFSpotlightUsers"></Field>
    </Fields>
    <policy action="Create">
      <Schedules nextStageId='2'>
        <Schedule type='Default'>
          <stages>
            <data stageId='1'>
              <formula id='Microsoft.Office.RecordsManagement.PolicyFeatures.Expiration.Formula.BuiltIn'>
                <number>7</number>
                <property>EFeFileExpirationDate</property>
                <period>years</period>
              </formula>
              <action type='action'
              id='Microsoft.Office.RecordsManagement.PolicyFeatures.Expiration.Action.MoveToRecycleBin' />
            </data>
          </stages>
        </Schedule>
      </Schedules>
    </policy>
    <SiteColumns>
      <Columns AllowedCT="eFileDocument">
        <Field Name= "EFCountry"></Field>
        <Field Name= "EFFunction"></Field>
        <Field Name= "EFBranch"></Field>
        <Field Name= "EFOffice"></Field>
        <Field Name= "EFGSCompany"></Field>
        <Field Name= "EFLOB"></Field>
        <Field Name= "EFRegion"></Field>
        <Field Name= "EFRiskLocation"></Field>
        <Field Name= "EFSubmissionNumber"></Field>
        <Field Name= "EFPolicyNumber"></Field>
        <Field Name= "EFPolicyYear"></Field>
        <Field Name= "EFPolicyInceptionDate"></Field>
        <Field Name= "EFPolicyExpiryDate"></Field>
        <Field Name= "EFUnderwriter"></Field>
        <Field Name= "EFInsuredName"></Field>
        <Field Name= "EFInsuredCode"></Field>
        <Field Name= "EFBrokerName"></Field>
        <Field Name= "EFBrokerCode" ></Field>
        <Field Name= "EFProduct" ></Field>
        <Field Name= "EFUnderwritingAssistant" ></Field>
        <Field Name= "EFMasterStatus" ></Field>
        <Field Name= "EFCoverageType" ></Field>
        <Field Name= "EFHasActiveClaims"></Field>
        <Field Name= "EFIsSpotlight"></Field>
        <Field Name= "EFIsConfidential"></Field>
        <Field Name= "EFeFileCategory"></Field>
        <Field Name= "EFUWStage"></Field>
        <Field Name= "EFDepartment"></Field>
      </Columns>
    </SiteColumns>
  </ContentType>
  <ContentType UpdateIfExists="false" ParentType="Document Set" Name="eFileDSUSPOL120" Group="eFile Manager Content Types" Description="Create a new document.">
    <Fields>
      <Field Name= "EFCountry"></Field>
      <Field Name= "EFFunction"></Field>
      <Field Name= "EFBranch"></Field>
      <Field Name= "EFOffice"></Field>
      <Field Name= "EFGSCompany"></Field>
      <Field Name= "EFLOB"></Field>
      <Field Name= "EFRegion"></Field>
      <Field Name= "EFRiskLocation"></Field>
      <Field Name= "EFSubmissionNumber"></Field>
      <Field Name= "EFPolicyNumber"></Field>
      <Field Name= "EFPolicyYear"></Field>
      <Field Name= "EFPolicyInceptionDate"></Field>
      <Field Name= "EFPolicyExpiryDate"></Field>
      <Field Name= "EFUnderwriter"></Field>
      <Field Name= "EFInsuredName"></Field>
      <Field Name= "EFInsuredCode"></Field>
      <Field Name= "EFBrokerName"></Field>
      <Field Name= "EFBrokerCode" ></Field>
      <Field Name= "EFProduct" ></Field>
      <Field Name= "EFUnderwritingAssistant" ></Field>
      <Field Name= "EFMasterStatus" ></Field>
      <Field Name= "EFCoverageType" ></Field>
      <Field Name= "EFHasActiveClaims"></Field>
      <Field Name= "EFIsSpotlight"></Field>
      <Field Name= "EFIsConfidential"></Field>
      <Field Name= "EFeFileCategory"></Field>
      <Field Name= "EFUWStage"></Field>
      <Field Name= "EFDepartment"></Field>
      <Field Name= "EFeFileExpirationDate"></Field>
      <Field Name= "EFeFileNote"></Field>
      <Field Name= "EFRenewedPolicyNumber"></Field>
      <Field Name= "EFSpotlightUsers"></Field>
    </Fields>
    <policy action="Create">
      <Schedules nextStageId='2'>
        <Schedule type='Default'>
          <stages>
            <data stageId='1'>
              <formula id='Microsoft.Office.RecordsManagement.PolicyFeatures.Expiration.Formula.BuiltIn'>
                <number>25</number>
                <property>EFeFileExpirationDate</property>
                <period>years</period>
              </formula>
              <action type='action'
              id='Microsoft.Office.RecordsManagement.PolicyFeatures.Expiration.Action.MoveToRecycleBin' />
            </data>
          </stages>
        </Schedule>
      </Schedules>
    </policy>
    <SiteColumns>
      <Columns AllowedCT="eFileDocument">
        <Field Name= "EFCountry"></Field>
        <Field Name= "EFFunction"></Field>
        <Field Name= "EFBranch"></Field>
        <Field Name= "EFOffice"></Field>
        <Field Name= "EFGSCompany"></Field>
        <Field Name= "EFLOB"></Field>
        <Field Name= "EFRegion"></Field>
        <Field Name= "EFRiskLocation"></Field>
        <Field Name= "EFSubmissionNumber"></Field>
        <Field Name= "EFPolicyNumber"></Field>
        <Field Name= "EFPolicyYear"></Field>
        <Field Name= "EFPolicyInceptionDate"></Field>
        <Field Name= "EFPolicyExpiryDate"></Field>
        <Field Name= "EFUnderwriter"></Field>
        <Field Name= "EFInsuredName"></Field>
        <Field Name= "EFInsuredCode"></Field>
        <Field Name= "EFBrokerName"></Field>
        <Field Name= "EFBrokerCode" ></Field>
        <Field Name= "EFProduct" ></Field>
        <Field Name= "EFUnderwritingAssistant" ></Field>
        <Field Name= "EFMasterStatus" ></Field>
        <Field Name= "EFCoverageType" ></Field>
        <Field Name= "EFHasActiveClaims"></Field>
        <Field Name= "EFIsSpotlight"></Field>
        <Field Name= "EFIsConfidential"></Field>
        <Field Name= "EFeFileCategory"></Field>
        <Field Name= "EFUWStage"></Field>
        <Field Name= "EFDepartment"></Field>
      </Columns>
    </SiteColumns>
  </ContentType>
  <ContentType UpdateIfExists="false" ParentType="Document Set" Name="eFileDSCAPOL120" Group="eFile Manager Content Types" Description="Create a new document.">
    <Fields>
      <Field Name= "EFCountry"></Field>
      <Field Name= "EFFunction"></Field>
      <Field Name= "EFBranch"></Field>
      <Field Name= "EFOffice"></Field>
      <Field Name= "EFGSCompany"></Field>
      <Field Name= "EFLOB"></Field>
      <Field Name= "EFRegion"></Field>
      <Field Name= "EFRiskLocation"></Field>
      <Field Name= "EFSubmissionNumber"></Field>
      <Field Name= "EFPolicyNumber"></Field>
      <Field Name= "EFPolicyYear"></Field>
      <Field Name= "EFPolicyInceptionDate"></Field>
      <Field Name= "EFPolicyExpiryDate"></Field>
      <Field Name= "EFUnderwriter"></Field>
      <Field Name= "EFInsuredName"></Field>
      <Field Name= "EFInsuredCode"></Field>
      <Field Name= "EFBrokerName"></Field>
      <Field Name= "EFBrokerCode" ></Field>
      <Field Name= "EFProduct" ></Field>
      <Field Name= "EFUnderwritingAssistant" ></Field>
      <Field Name= "EFMasterStatus" ></Field>
      <Field Name= "EFCoverageType" ></Field>
      <Field Name= "EFHasActiveClaims"></Field>
      <Field Name= "EFIsSpotlight"></Field>
      <Field Name= "EFIsConfidential"></Field>
      <Field Name= "EFeFileCategory"></Field>
      <Field Name= "EFUWStage"></Field>
      <Field Name= "EFDepartment"></Field>
      <Field Name= "EFeFileExpirationDate"></Field>
      <Field Name= "EFeFileNote"></Field>
      <Field Name= "EFRenewedPolicyNumber"></Field>
      <Field Name= "EFSpotlightUsers"></Field>
    </Fields>
    <policy action="Create">
      <Schedules nextStageId='2'>
        <Schedule type='Default'>
          <stages>
            <data stageId='1'>
              <formula id='Microsoft.Office.RecordsManagement.PolicyFeatures.Expiration.Formula.BuiltIn'>
                <number>10</number>
                <property>EFeFileExpirationDate</property>
                <period>years</period>
              </formula>
              <action type='action'
              id='Microsoft.Office.RecordsManagement.PolicyFeatures.Expiration.Action.MoveToRecycleBin' />
            </data>
          </stages>
        </Schedule>
      </Schedules>
    </policy>
    <SiteColumns>
      <Columns AllowedCT="eFileDocument">
        <Field Name= "EFCountry"></Field>
        <Field Name= "EFFunction"></Field>
        <Field Name= "EFBranch"></Field>
        <Field Name= "EFOffice"></Field>
        <Field Name= "EFGSCompany"></Field>
        <Field Name= "EFLOB"></Field>
        <Field Name= "EFRegion"></Field>
        <Field Name= "EFRiskLocation"></Field>
        <Field Name= "EFSubmissionNumber"></Field>
        <Field Name= "EFPolicyNumber"></Field>
        <Field Name= "EFPolicyYear"></Field>
        <Field Name= "EFPolicyInceptionDate"></Field>
        <Field Name= "EFPolicyExpiryDate"></Field>
        <Field Name= "EFUnderwriter"></Field>
        <Field Name= "EFInsuredName"></Field>
        <Field Name= "EFInsuredCode"></Field>
        <Field Name= "EFBrokerName"></Field>
        <Field Name= "EFBrokerCode" ></Field>
        <Field Name= "EFProduct" ></Field>
        <Field Name= "EFUnderwritingAssistant" ></Field>
        <Field Name= "EFMasterStatus" ></Field>
        <Field Name= "EFCoverageType" ></Field>
        <Field Name= "EFHasActiveClaims"></Field>
        <Field Name= "EFIsSpotlight"></Field>
        <Field Name= "EFIsConfidential"></Field>
        <Field Name= "EFeFileCategory"></Field>
        <Field Name= "EFUWStage"></Field>
        <Field Name= "EFDepartment"></Field>
      </Columns>
    </SiteColumns>
  </ContentType>
</ContentTypes>
