08/18/2015 14:10:58,message,Adding PowerShell Snapin,GlobalCall,SetupManagedProperties
08/18/2015 14:11:03,message,PowerShell Snapin added successfully,GlobalCall,SetupManagedProperties
08/18/2015 14:11:03,message,Setup Crawl and Managed properties- Started,GlobalCall,SetupManagedProperties
08/18/2015 14:11:03,message,Parameters passed: SearchServiceApplicationName -,GlobalCall,ContentSourceSetup
08/18/2015 14:11:03,message,Getting Input xml path,GlobalCall,ContentSourceSetup
08/18/2015 14:11:03,message,Input xml path got :E:\ECMCode\Part III\PS Scripts\PS Scripts\Search\SetupManagedProperties.xml,GlobalCall,SetupManagedProperties
08/18/2015 14:11:03,message,Parsing file: E:\ECMCode\Part III\PS Scripts\PS Scripts\Search\SetupManagedProperties.xml,GlobalCall,SetupManagedProperties
08/18/2015 14:11:03,message,Starting... Loop through crawled properties to check or add,GlobalCall,SetupManagedProperties
08/18/2015 14:11:04,message,Adding Crawl Propertyows_q_TEXT_EFCountry of type Text,GlobalCall,SetupManagedProperties
08/18/2015 14:11:05,message,Adding Crawl Propertyows_q_TEXT_EFFunction of type Text,GlobalCall,SetupManagedProperties
08/18/2015 14:11:05,message,Adding Crawl Propertyows_q_TEXT_EFBranch of type Text,GlobalCall,SetupManagedProperties
08/18/2015 14:11:05,message,Adding Crawl Propertyows_q_TEXT_EFOffice of type Text,GlobalCall,SetupManagedProperties
08/18/2015 14:11:06,message,Adding Crawl Propertyows_q_TEXT_EFGSCompany of type Text,GlobalCall,SetupManagedProperties
08/18/2015 14:11:06,message,Adding Crawl Propertyows_q_TEXT_EFLOB of type Text,GlobalCall,SetupManagedProperties
08/18/2015 14:11:06,message,Adding Crawl Propertyows_q_TEXT_EFRegion of type Text,GlobalCall,SetupManagedProperties
08/18/2015 14:11:06,message,Adding Crawl Propertyows_q_TEXT_EFRiskLocation of type Text,GlobalCall,SetupManagedProperties
08/18/2015 14:11:06,message,Adding Crawl Propertyows_q_TEXT_EFSubmissionNumber of type Text,GlobalCall,SetupManagedProperties
08/18/2015 14:11:06,message,Adding Crawl Propertyows_q_TEXT_EFPolicyNumber of type Text,GlobalCall,SetupManagedProperties
08/18/2015 14:11:06,message,Adding Crawl Propertyows_q_INTG_EFPolicyYear of type Integer,GlobalCall,SetupManagedProperties
08/18/2015 14:11:06,message,Adding Crawl Propertyows_q_DATE_EFPolicyInceptionDate of type DateTime,GlobalCall,SetupManagedProperties
08/18/2015 14:11:06,message,Adding Crawl Propertyows_q_DATE_EFPolicyExpiryDate of type DateTime,GlobalCall,SetupManagedProperties
08/18/2015 14:11:06,message,Adding Crawl Propertyows_q_USER_EFUnderwriter of type Text,GlobalCall,SetupManagedProperties
08/18/2015 14:11:07,message,Adding Crawl Propertyows_q_TEXT_EFInsuredName of type Text,GlobalCall,SetupManagedProperties
08/18/2015 14:11:07,message,Adding Crawl Propertyows_q_TEXT_EFInsuredCode of type Text,GlobalCall,SetupManagedProperties
08/18/2015 14:11:07,message,Adding Crawl Propertyows_q_TEXT_EFBrokerName of type Text,GlobalCall,SetupManagedProperties
08/18/2015 14:11:07,message,Adding Crawl Propertyows_q_TEXT_EFBrokerCode of type Text,GlobalCall,SetupManagedProperties
08/18/2015 14:11:07,message,Adding Crawl Propertyows_q_TEXT_EFProduct of type Text,GlobalCall,SetupManagedProperties
08/18/2015 14:11:07,message,Adding Crawl Propertyows_q_USER_EFUnderwritingAssistant of type Text,GlobalCall,SetupManagedProperties
08/18/2015 14:11:07,message,Adding Crawl Propertyows_q_TEXT_EFMasterStatus of type Text,GlobalCall,SetupManagedProperties
08/18/2015 14:11:07,message,Adding Crawl Propertyows_q_TEXT_EFCoverageType of type Text,GlobalCall,SetupManagedProperties
08/18/2015 14:11:07,message,Adding Crawl Propertyows_q_CHCS_EFHasActiveClaims of type Text,GlobalCall,SetupManagedProperties
08/18/2015 14:11:07,message,Adding Crawl Propertyows_q_CHCS_EFIsSpotlight of type Text,GlobalCall,SetupManagedProperties
08/18/2015 14:11:07,message,Adding Crawl Propertyows_q_CHCS_EFIsConfidential of type Text,GlobalCall,SetupManagedProperties
08/18/2015 14:11:08,message,Adding Crawl Propertyows_q_CHCS_EFeFileCategory of type Text,GlobalCall,SetupManagedProperties
08/18/2015 14:11:08,message,Adding Crawl Propertyows_q_CHCS_EFUWStage of type Text,GlobalCall,SetupManagedProperties
08/18/2015 14:11:08,message,Adding Crawl Propertyows_q_CHCS_EFDocumentStatus of type Text,GlobalCall,SetupManagedProperties
08/18/2015 14:11:08,message,Adding Crawl Propertyows_q_TEXT_EFDocumentTitle of type Text,GlobalCall,SetupManagedProperties
08/18/2015 14:11:08,message,Adding Crawl Propertyows_q_DATE_EFEmailDate of type DateTime,GlobalCall,SetupManagedProperties
08/18/2015 14:11:08,message,Adding Crawl Propertyows_q_TEXT_EFEmailTo of type Text,GlobalCall,SetupManagedProperties
08/18/2015 14:11:08,message,Adding Crawl Propertyows_q_TEXT_EFEmailFrom of type Text,GlobalCall,SetupManagedProperties
08/18/2015 14:11:08,message,Adding Crawl Propertyows_q_TEXT_EFEmailCC of type Text,GlobalCall,SetupManagedProperties
08/18/2015 14:11:08,message,Adding Crawl Propertyows_q_TEXT_EFDepartment of type Text,GlobalCall,SetupManagedProperties
08/18/2015 14:11:08,message,Adding Crawl Propertyows_q_CHCS_EFeFileDocumentGroup of type Text,GlobalCall,SetupManagedProperties
08/18/2015 14:11:08,message,Adding Crawl Propertyows_q_CHCS_EFeFileDocumentType of type Text,GlobalCall,SetupManagedProperties
08/18/2015 14:11:08,message,Adding Crawl Propertyows_q_TEXT_EFSpotlightUsers of type Text,GlobalCall,SetupManagedProperties
08/18/2015 14:11:08,message,Adding Crawl Propertyows_EFUnderwriter of type Text,GlobalCall,SetupManagedProperties
08/18/2015 14:11:08,message,Adding Crawl Propertyows_EFUnderwritingAssistant of type Text,GlobalCall,SetupManagedProperties
08/18/2015 14:11:08,message,Adding Crawl Propertyows_q_USER_EFSpotlightUsers of type Text,GlobalCall,SetupManagedProperties
08/18/2015 14:11:09,message,Completed... Loop through crawled properties to check or add,GlobalCall,SetupManagedProperties
08/18/2015 14:11:09,message,Starting... Loop through Managed properties to check and add,GlobalCall,SetupManagedProperties
08/18/2015 14:11:09,message,RemoveEFEfileNumberOWSTEXT 'Managed Properties' if it already exists,GlobalCall,SetupManagedProperties
08/18/2015 14:11:09,message,Adding Managed PropertyEFEfileNumberOWSTEXT of type Text,GlobalCall,SetupManagedProperties
08/18/2015 14:11:09,message,Add multiple crawled property mappings to 'EFEfileNumberOWSTEXT' of type Text successfully,GlobalCall,SetupManagedProperties
08/18/2015 14:11:10,message,Added Managed PropertyEFEfileNumberOWSTEXT of type Text successfully,GlobalCall,SetupManagedProperties
08/18/2015 14:11:10,message,RemoveEFCountryOWSTEXT 'Managed Properties' if it already exists,GlobalCall,SetupManagedProperties
08/18/2015 14:11:10,message,Adding Managed PropertyEFCountryOWSTEXT of type Text,GlobalCall,SetupManagedProperties
08/18/2015 14:11:10,message,Add multiple crawled property mappings to 'EFCountryOWSTEXT' of type Text successfully,GlobalCall,SetupManagedProperties
08/18/2015 14:11:11,message,Added Managed PropertyEFCountryOWSTEXT of type Text successfully,GlobalCall,SetupManagedProperties
08/18/2015 14:11:11,message,RemoveEFFunctionOWSTEXT 'Managed Properties' if it already exists,GlobalCall,SetupManagedProperties
08/18/2015 14:11:11,message,Adding Managed PropertyEFFunctionOWSTEXT of type Text,GlobalCall,SetupManagedProperties
08/18/2015 14:11:11,message,Add multiple crawled property mappings to 'EFFunctionOWSTEXT' of type Text successfully,GlobalCall,SetupManagedProperties
08/18/2015 14:11:11,message,Added Managed PropertyEFFunctionOWSTEXT of type Text successfully,GlobalCall,SetupManagedProperties
08/18/2015 14:11:11,message,RemoveEFBranchOWSTEXT 'Managed Properties' if it already exists,GlobalCall,SetupManagedProperties
08/18/2015 14:11:11,message,Adding Managed PropertyEFBranchOWSTEXT of type Text,GlobalCall,SetupManagedProperties
08/18/2015 14:11:11,message,Add multiple crawled property mappings to 'EFBranchOWSTEXT' of type Text successfully,GlobalCall,SetupManagedProperties
08/18/2015 14:11:11,message,Added Managed PropertyEFBranchOWSTEXT of type Text successfully,GlobalCall,SetupManagedProperties
08/18/2015 14:11:11,message,RemoveEFOfficeOWSTEXT 'Managed Properties' if it already exists,GlobalCall,SetupManagedProperties
08/18/2015 14:11:12,message,Adding Managed PropertyEFOfficeOWSTEXT of type Text,GlobalCall,SetupManagedProperties
08/18/2015 14:11:12,message,Add multiple crawled property mappings to 'EFOfficeOWSTEXT' of type Text successfully,GlobalCall,SetupManagedProperties
08/18/2015 14:11:12,message,Added Managed PropertyEFOfficeOWSTEXT of type Text successfully,GlobalCall,SetupManagedProperties
08/18/2015 14:11:12,message,RemoveEFGSCompanyOWSTEXT 'Managed Properties' if it already exists,GlobalCall,SetupManagedProperties
08/18/2015 14:11:12,message,Adding Managed PropertyEFGSCompanyOWSTEXT of type Text,GlobalCall,SetupManagedProperties
08/18/2015 14:11:12,message,Add multiple crawled property mappings to 'EFGSCompanyOWSTEXT' of type Text successfully,GlobalCall,SetupManagedProperties
08/18/2015 14:11:12,message,Added Managed PropertyEFGSCompanyOWSTEXT of type Text successfully,GlobalCall,SetupManagedProperties
08/18/2015 14:11:12,message,RemoveEFLOBOWSTEXT 'Managed Properties' if it already exists,GlobalCall,SetupManagedProperties
08/18/2015 14:11:12,message,Adding Managed PropertyEFLOBOWSTEXT of type Text,GlobalCall,SetupManagedProperties
08/18/2015 14:11:13,message,Add multiple crawled property mappings to 'EFLOBOWSTEXT' of type Text successfully,GlobalCall,SetupManagedProperties
08/18/2015 14:11:13,message,Added Managed PropertyEFLOBOWSTEXT of type Text successfully,GlobalCall,SetupManagedProperties
08/18/2015 14:11:13,message,RemoveEFRegionOWSTEXT 'Managed Properties' if it already exists,GlobalCall,SetupManagedProperties
08/18/2015 14:11:13,message,Adding Managed PropertyEFRegionOWSTEXT of type Text,GlobalCall,SetupManagedProperties
08/18/2015 14:11:13,message,Add multiple crawled property mappings to 'EFRegionOWSTEXT' of type Text successfully,GlobalCall,SetupManagedProperties
08/18/2015 14:11:13,message,Added Managed PropertyEFRegionOWSTEXT of type Text successfully,GlobalCall,SetupManagedProperties
08/18/2015 14:11:13,message,RemoveEFRiskLocationOWSTEXT 'Managed Properties' if it already exists,GlobalCall,SetupManagedProperties
08/18/2015 14:11:13,message,Adding Managed PropertyEFRiskLocationOWSTEXT of type Text,GlobalCall,SetupManagedProperties
08/18/2015 14:11:13,message,Add multiple crawled property mappings to 'EFRiskLocationOWSTEXT' of type Text successfully,GlobalCall,SetupManagedProperties
08/18/2015 14:11:14,message,Added Managed PropertyEFRiskLocationOWSTEXT of type Text successfully,GlobalCall,SetupManagedProperties
08/18/2015 14:11:14,message,RemoveEFSubmissionNumberOWSTEXT 'Managed Properties' if it already exists,GlobalCall,SetupManagedProperties
08/18/2015 14:11:14,message,Adding Managed PropertyEFSubmissionNumberOWSTEXT of type Text,GlobalCall,SetupManagedProperties
08/18/2015 14:11:14,message,Add multiple crawled property mappings to 'EFSubmissionNumberOWSTEXT' of type Text successfully,GlobalCall,SetupManagedProperties
08/18/2015 14:11:14,message,Added Managed PropertyEFSubmissionNumberOWSTEXT of type Text successfully,GlobalCall,SetupManagedProperties
08/18/2015 14:11:14,message,RemoveEFPolicyNumberOWSTEXT 'Managed Properties' if it already exists,GlobalCall,SetupManagedProperties
08/18/2015 14:11:14,message,Adding Managed PropertyEFPolicyNumberOWSTEXT of type Text,GlobalCall,SetupManagedProperties
08/18/2015 14:11:14,message,Add multiple crawled property mappings to 'EFPolicyNumberOWSTEXT' of type Text successfully,GlobalCall,SetupManagedProperties
08/18/2015 14:11:14,message,Added Managed PropertyEFPolicyNumberOWSTEXT of type Text successfully,GlobalCall,SetupManagedProperties
08/18/2015 14:11:15,message,RemoveEFPolicyYearOWSDATE 'Managed Properties' if it already exists,GlobalCall,SetupManagedProperties
08/18/2015 14:11:15,message,Adding Managed PropertyEFPolicyYearOWSDATE of type Text,GlobalCall,SetupManagedProperties
08/18/2015 14:11:15,message,Add multiple crawled property mappings to 'EFPolicyYearOWSDATE' of type Text successfully,GlobalCall,SetupManagedProperties
08/18/2015 14:11:15,message,Added Managed PropertyEFPolicyYearOWSDATE of type Text successfully,GlobalCall,SetupManagedProperties
08/18/2015 14:11:15,message,RemoveEFPolicyInceptionDateOWSDATE 'Managed Properties' if it already exists,GlobalCall,SetupManagedProperties
08/18/2015 14:11:15,message,Adding Managed PropertyEFPolicyInceptionDateOWSDATE of type Text,GlobalCall,SetupManagedProperties
08/18/2015 14:11:15,message,Add multiple crawled property mappings to 'EFPolicyInceptionDateOWSDATE' of type Text successfully,GlobalCall,SetupManagedProperties
08/18/2015 14:11:15,message,Added Managed PropertyEFPolicyInceptionDateOWSDATE of type Text successfully,GlobalCall,SetupManagedProperties
08/18/2015 14:11:15,message,RemoveEFPolicyExpiryDateOWSDATE 'Managed Properties' if it already exists,GlobalCall,SetupManagedProperties
08/18/2015 14:11:15,message,Adding Managed PropertyEFPolicyExpiryDateOWSDATE of type Text,GlobalCall,SetupManagedProperties
08/18/2015 14:11:16,message,Add multiple crawled property mappings to 'EFPolicyExpiryDateOWSDATE' of type Text successfully,GlobalCall,SetupManagedProperties
08/18/2015 14:11:16,message,Added Managed PropertyEFPolicyExpiryDateOWSDATE of type Text successfully,GlobalCall,SetupManagedProperties
08/18/2015 14:11:16,message,RemoveEFUnderwriterOWSUSER 'Managed Properties' if it already exists,GlobalCall,SetupManagedProperties
08/18/2015 14:11:16,message,Adding Managed PropertyEFUnderwriterOWSUSER of type Text,GlobalCall,SetupManagedProperties
08/18/2015 14:11:16,message,Add multiple crawled property mappings to 'EFUnderwriterOWSUSER' of type Text successfully,GlobalCall,SetupManagedProperties
08/18/2015 14:11:16,message,Added Managed PropertyEFUnderwriterOWSUSER of type Text successfully,GlobalCall,SetupManagedProperties
08/18/2015 14:11:16,message,RemoveEFInsuredNameOWSTEXT 'Managed Properties' if it already exists,GlobalCall,SetupManagedProperties
08/18/2015 14:11:16,message,Adding Managed PropertyEFInsuredNameOWSTEXT of type Text,GlobalCall,SetupManagedProperties
08/18/2015 14:11:16,message,Add multiple crawled property mappings to 'EFInsuredNameOWSTEXT' of type Text successfully,GlobalCall,SetupManagedProperties
08/18/2015 14:11:17,message,Added Managed PropertyEFInsuredNameOWSTEXT of type Text successfully,GlobalCall,SetupManagedProperties
08/18/2015 14:11:17,message,RemoveEFInsuredCodeOWSTEXT 'Managed Properties' if it already exists,GlobalCall,SetupManagedProperties
08/18/2015 14:11:17,message,Adding Managed PropertyEFInsuredCodeOWSTEXT of type Text,GlobalCall,SetupManagedProperties
08/18/2015 14:11:17,message,Add multiple crawled property mappings to 'EFInsuredCodeOWSTEXT' of type Text successfully,GlobalCall,SetupManagedProperties
08/18/2015 14:11:17,message,Added Managed PropertyEFInsuredCodeOWSTEXT of type Text successfully,GlobalCall,SetupManagedProperties
08/18/2015 14:11:17,message,RemoveEFBrokerNameOWSTEXT 'Managed Properties' if it already exists,GlobalCall,SetupManagedProperties
08/18/2015 14:11:17,message,Adding Managed PropertyEFBrokerNameOWSTEXT of type Text,GlobalCall,SetupManagedProperties
08/18/2015 14:11:17,message,Add multiple crawled property mappings to 'EFBrokerNameOWSTEXT' of type Text successfully,GlobalCall,SetupManagedProperties
08/18/2015 14:11:17,message,Added Managed PropertyEFBrokerNameOWSTEXT of type Text successfully,GlobalCall,SetupManagedProperties
08/18/2015 14:11:18,message,RemoveEFBrokerCodeOWSTEXT 'Managed Properties' if it already exists,GlobalCall,SetupManagedProperties
08/18/2015 14:11:18,message,Adding Managed PropertyEFBrokerCodeOWSTEXT of type Text,GlobalCall,SetupManagedProperties
08/18/2015 14:11:18,message,Add multiple crawled property mappings to 'EFBrokerCodeOWSTEXT' of type Text successfully,GlobalCall,SetupManagedProperties
08/18/2015 14:11:18,message,Added Managed PropertyEFBrokerCodeOWSTEXT of type Text successfully,GlobalCall,SetupManagedProperties
08/18/2015 14:11:18,message,RemoveEFProductOWSTEXT 'Managed Properties' if it already exists,GlobalCall,SetupManagedProperties
08/18/2015 14:11:18,message,Adding Managed PropertyEFProductOWSTEXT of type Text,GlobalCall,SetupManagedProperties
08/18/2015 14:11:18,message,Add multiple crawled property mappings to 'EFProductOWSTEXT' of type Text successfully,GlobalCall,SetupManagedProperties
08/18/2015 14:11:18,message,Added Managed PropertyEFProductOWSTEXT of type Text successfully,GlobalCall,SetupManagedProperties
08/18/2015 14:11:18,message,RemoveEFUnderwritingAssistantOWSUSER 'Managed Properties' if it already exists,GlobalCall,SetupManagedProperties
08/18/2015 14:11:18,message,Adding Managed PropertyEFUnderwritingAssistantOWSUSER of type Text,GlobalCall,SetupManagedProperties
08/18/2015 14:11:19,message,Add multiple crawled property mappings to 'EFUnderwritingAssistantOWSUSER' of type Text successfully,GlobalCall,SetupManagedProperties
08/18/2015 14:11:19,message,Added Managed PropertyEFUnderwritingAssistantOWSUSER of type Text successfully,GlobalCall,SetupManagedProperties
08/18/2015 14:11:19,message,RemoveEFMasterStatusOWSTEXT 'Managed Properties' if it already exists,GlobalCall,SetupManagedProperties
08/18/2015 14:11:19,message,Adding Managed PropertyEFMasterStatusOWSTEXT of type Text,GlobalCall,SetupManagedProperties
08/18/2015 14:11:19,message,Add multiple crawled property mappings to 'EFMasterStatusOWSTEXT' of type Text successfully,GlobalCall,SetupManagedProperties
08/18/2015 14:11:19,message,Added Managed PropertyEFMasterStatusOWSTEXT of type Text successfully,GlobalCall,SetupManagedProperties
08/18/2015 14:11:19,message,RemoveEFCoverageTypeOWSTEXT 'Managed Properties' if it already exists,GlobalCall,SetupManagedProperties
08/18/2015 14:11:19,message,Adding Managed PropertyEFCoverageTypeOWSTEXT of type Text,GlobalCall,SetupManagedProperties
08/18/2015 14:11:19,message,Add multiple crawled property mappings to 'EFCoverageTypeOWSTEXT' of type Text successfully,GlobalCall,SetupManagedProperties
08/18/2015 14:11:20,message,Added Managed PropertyEFCoverageTypeOWSTEXT of type Text successfully,GlobalCall,SetupManagedProperties
08/18/2015 14:11:20,message,RemoveEFHasActiveClaimsOWSBOOL 'Managed Properties' if it already exists,GlobalCall,SetupManagedProperties
08/18/2015 14:11:20,message,Adding Managed PropertyEFHasActiveClaimsOWSBOOL of type Text,GlobalCall,SetupManagedProperties
08/18/2015 14:11:20,message,Add multiple crawled property mappings to 'EFHasActiveClaimsOWSBOOL' of type Text successfully,GlobalCall,SetupManagedProperties
08/18/2015 14:11:20,message,Added Managed PropertyEFHasActiveClaimsOWSBOOL of type Text successfully,GlobalCall,SetupManagedProperties
08/18/2015 14:11:20,message,RemoveEFIsConfidentialOWSBOOL 'Managed Properties' if it already exists,GlobalCall,SetupManagedProperties
08/18/2015 14:11:20,message,Adding Managed PropertyEFIsConfidentialOWSBOOL of type Text,GlobalCall,SetupManagedProperties
08/18/2015 14:11:20,message,Add multiple crawled property mappings to 'EFIsConfidentialOWSBOOL' of type Text successfully,GlobalCall,SetupManagedProperties
08/18/2015 14:11:21,message,Added Managed PropertyEFIsConfidentialOWSBOOL of type Text successfully,GlobalCall,SetupManagedProperties
08/18/2015 14:11:21,message,RemoveEFIsSpotlightOWSBOOL 'Managed Properties' if it already exists,GlobalCall,SetupManagedProperties
08/18/2015 14:11:21,message,Adding Managed PropertyEFIsSpotlightOWSBOOL of type Text,GlobalCall,SetupManagedProperties
08/18/2015 14:11:21,message,Add multiple crawled property mappings to 'EFIsSpotlightOWSBOOL' of type Text successfully,GlobalCall,SetupManagedProperties
08/18/2015 14:11:21,message,Added Managed PropertyEFIsSpotlightOWSBOOL of type Text successfully,GlobalCall,SetupManagedProperties
08/18/2015 14:11:21,message,RemoveEFeFileCategoryOWSCHCS 'Managed Properties' if it already exists,GlobalCall,SetupManagedProperties
08/18/2015 14:11:21,message,Adding Managed PropertyEFeFileCategoryOWSCHCS of type Text,GlobalCall,SetupManagedProperties
08/18/2015 14:11:21,message,Add multiple crawled property mappings to 'EFeFileCategoryOWSCHCS' of type Text successfully,GlobalCall,SetupManagedProperties
08/18/2015 14:11:21,message,Added Managed PropertyEFeFileCategoryOWSCHCS of type Text successfully,GlobalCall,SetupManagedProperties
08/18/2015 14:11:21,message,RemoveEFUWStageOWSCHCS 'Managed Properties' if it already exists,GlobalCall,SetupManagedProperties
08/18/2015 14:11:21,message,Adding Managed PropertyEFUWStageOWSCHCS of type Text,GlobalCall,SetupManagedProperties
08/18/2015 14:11:22,message,Add multiple crawled property mappings to 'EFUWStageOWSCHCS' of type Text successfully,GlobalCall,SetupManagedProperties
08/18/2015 14:11:22,message,Added Managed PropertyEFUWStageOWSCHCS of type Text successfully,GlobalCall,SetupManagedProperties
08/18/2015 14:11:22,message,RemoveEFDocumentGroupOWSTAXID 'Managed Properties' if it already exists,GlobalCall,SetupManagedProperties
08/18/2015 14:11:22,message,Adding Managed PropertyEFDocumentGroupOWSTAXID of type Text,GlobalCall,SetupManagedProperties
08/18/2015 14:11:22,message,Add multiple crawled property mappings to 'EFDocumentGroupOWSTAXID' of type Text successfully,GlobalCall,SetupManagedProperties
08/18/2015 14:11:22,message,Added Managed PropertyEFDocumentGroupOWSTAXID of type Text successfully,GlobalCall,SetupManagedProperties
08/18/2015 14:11:22,message,RemoveEFDocumentTypeOWSTAXID 'Managed Properties' if it already exists,GlobalCall,SetupManagedProperties
08/18/2015 14:11:22,message,Adding Managed PropertyEFDocumentTypeOWSTAXID of type Text,GlobalCall,SetupManagedProperties
08/18/2015 14:11:22,message,Add multiple crawled property mappings to 'EFDocumentTypeOWSTAXID' of type Text successfully,GlobalCall,SetupManagedProperties
08/18/2015 14:11:23,message,Added Managed PropertyEFDocumentTypeOWSTAXID of type Text successfully,GlobalCall,SetupManagedProperties
08/18/2015 14:11:23,message,RemoveEFDocumentStatusOWSCHCS 'Managed Properties' if it already exists,GlobalCall,SetupManagedProperties
08/18/2015 14:11:23,message,Adding Managed PropertyEFDocumentStatusOWSCHCS of type Text,GlobalCall,SetupManagedProperties
08/18/2015 14:11:23,message,Add multiple crawled property mappings to 'EFDocumentStatusOWSCHCS' of type Text successfully,GlobalCall,SetupManagedProperties
08/18/2015 14:11:23,message,Added Managed PropertyEFDocumentStatusOWSCHCS of type Text successfully,GlobalCall,SetupManagedProperties
08/18/2015 14:11:23,message,RemoveEFDocumentTitleOWSTEXT 'Managed Properties' if it already exists,GlobalCall,SetupManagedProperties
08/18/2015 14:11:23,message,Adding Managed PropertyEFDocumentTitleOWSTEXT of type Text,GlobalCall,SetupManagedProperties
08/18/2015 14:11:23,message,Add multiple crawled property mappings to 'EFDocumentTitleOWSTEXT' of type Text successfully,GlobalCall,SetupManagedProperties
08/18/2015 14:11:24,message,Added Managed PropertyEFDocumentTitleOWSTEXT of type Text successfully,GlobalCall,SetupManagedProperties
08/18/2015 14:11:24,message,RemoveEFEmailDateOWSTEXT 'Managed Properties' if it already exists,GlobalCall,SetupManagedProperties
08/18/2015 14:11:24,message,Adding Managed PropertyEFEmailDateOWSTEXT of type Text,GlobalCall,SetupManagedProperties
08/18/2015 14:11:24,message,Add multiple crawled property mappings to 'EFEmailDateOWSTEXT' of type Text successfully,GlobalCall,SetupManagedProperties
08/18/2015 14:11:24,message,Added Managed PropertyEFEmailDateOWSTEXT of type Text successfully,GlobalCall,SetupManagedProperties
08/18/2015 14:11:24,message,RemoveEFEmailToOWSTEXT 'Managed Properties' if it already exists,GlobalCall,SetupManagedProperties
08/18/2015 14:11:24,message,Adding Managed PropertyEFEmailToOWSTEXT of type Text,GlobalCall,SetupManagedProperties
08/18/2015 14:11:24,message,Add multiple crawled property mappings to 'EFEmailToOWSTEXT' of type Text successfully,GlobalCall,SetupManagedProperties
08/18/2015 14:11:24,message,Added Managed PropertyEFEmailToOWSTEXT of type Text successfully,GlobalCall,SetupManagedProperties
08/18/2015 14:11:24,message,RemoveEFEmailFromOWSTEXT 'Managed Properties' if it already exists,GlobalCall,SetupManagedProperties
08/18/2015 14:11:24,message,Adding Managed PropertyEFEmailFromOWSTEXT of type Text,GlobalCall,SetupManagedProperties
08/18/2015 14:11:25,message,Add multiple crawled property mappings to 'EFEmailFromOWSTEXT' of type Text successfully,GlobalCall,SetupManagedProperties
08/18/2015 14:11:25,message,Added Managed PropertyEFEmailFromOWSTEXT of type Text successfully,GlobalCall,SetupManagedProperties
08/18/2015 14:11:25,message,RemoveEFEmailCCOWSTEXT 'Managed Properties' if it already exists,GlobalCall,SetupManagedProperties
08/18/2015 14:11:25,message,Adding Managed PropertyEFEmailCCOWSTEXT of type Text,GlobalCall,SetupManagedProperties
08/18/2015 14:11:25,message,Add multiple crawled property mappings to 'EFEmailCCOWSTEXT' of type Text successfully,GlobalCall,SetupManagedProperties
08/18/2015 14:11:25,message,Added Managed PropertyEFEmailCCOWSTEXT of type Text successfully,GlobalCall,SetupManagedProperties
08/18/2015 14:11:25,message,RemoveEFPolicyInceptionDateOWSDATE2 'Managed Properties' if it already exists,GlobalCall,SetupManagedProperties
08/18/2015 14:11:25,message,Adding Managed PropertyEFPolicyInceptionDateOWSDATE2 of type DateTime,GlobalCall,SetupManagedProperties
08/18/2015 14:11:25,message,Add multiple crawled property mappings to 'EFPolicyInceptionDateOWSDATE2' of type DateTime successfully,GlobalCall,SetupManagedProperties
08/18/2015 14:11:26,message,Added Managed PropertyEFPolicyInceptionDateOWSDATE2 of type DateTime successfully,GlobalCall,SetupManagedProperties
08/18/2015 14:11:26,message,RemoveEFPolicyExpiryDateOWSDATE2 'Managed Properties' if it already exists,GlobalCall,SetupManagedProperties
08/18/2015 14:11:26,message,Adding Managed PropertyEFPolicyExpiryDateOWSDATE2 of type DateTime,GlobalCall,SetupManagedProperties
08/18/2015 14:11:26,message,Add multiple crawled property mappings to 'EFPolicyExpiryDateOWSDATE2' of type DateTime successfully,GlobalCall,SetupManagedProperties
08/18/2015 14:11:26,message,Added Managed PropertyEFPolicyExpiryDateOWSDATE2 of type DateTime successfully,GlobalCall,SetupManagedProperties
08/18/2015 14:11:26,message,RemoveEFEmailDateOWSTEXT2 'Managed Properties' if it already exists,GlobalCall,SetupManagedProperties
08/18/2015 14:11:26,message,Adding Managed PropertyEFEmailDateOWSTEXT2 of type DateTime,GlobalCall,SetupManagedProperties
08/18/2015 14:11:26,message,Add multiple crawled property mappings to 'EFEmailDateOWSTEXT2' of type DateTime successfully,GlobalCall,SetupManagedProperties
08/18/2015 14:11:26,message,Added Managed PropertyEFEmailDateOWSTEXT2 of type DateTime successfully,GlobalCall,SetupManagedProperties
08/18/2015 14:11:27,message,RemoveEFDepartmentOWSTEXT 'Managed Properties' if it already exists,GlobalCall,SetupManagedProperties
08/18/2015 14:11:27,message,Adding Managed PropertyEFDepartmentOWSTEXT of type Text,GlobalCall,SetupManagedProperties
08/18/2015 14:11:27,message,Add multiple crawled property mappings to 'EFDepartmentOWSTEXT' of type Text successfully,GlobalCall,SetupManagedProperties
08/18/2015 14:11:27,message,Added Managed PropertyEFDepartmentOWSTEXT of type Text successfully,GlobalCall,SetupManagedProperties
08/18/2015 14:11:27,message,RemoveEFPolicyInceptionDateMultiRefOWSDATE 'Managed Properties' if it already exists,GlobalCall,SetupManagedProperties
08/18/2015 14:11:27,message,Adding Managed PropertyEFPolicyInceptionDateMultiRefOWSDATE of type Text,GlobalCall,SetupManagedProperties
08/18/2015 14:11:27,message,Add multiple crawled property mappings to 'EFPolicyInceptionDateMultiRefOWSDATE' of type Text successfully,GlobalCall,SetupManagedProperties
08/18/2015 14:11:27,message,Added Managed PropertyEFPolicyInceptionDateMultiRefOWSDATE of type Text successfully,GlobalCall,SetupManagedProperties
08/18/2015 14:11:27,message,RemoveEFPolicyExpiryDateMultiRefOWSDATE 'Managed Properties' if it already exists,GlobalCall,SetupManagedProperties
08/18/2015 14:11:27,message,Adding Managed PropertyEFPolicyExpiryDateMultiRefOWSDATE of type Text,GlobalCall,SetupManagedProperties
08/18/2015 14:11:28,message,Add multiple crawled property mappings to 'EFPolicyExpiryDateMultiRefOWSDATE' of type Text successfully,GlobalCall,SetupManagedProperties
08/18/2015 14:11:28,message,Added Managed PropertyEFPolicyExpiryDateMultiRefOWSDATE of type Text successfully,GlobalCall,SetupManagedProperties
08/18/2015 14:11:28,message,RemoveEFBrokerNameMultiRefOWSTEXT 'Managed Properties' if it already exists,GlobalCall,SetupManagedProperties
08/18/2015 14:11:28,message,Adding Managed PropertyEFBrokerNameMultiRefOWSTEXT of type Text,GlobalCall,SetupManagedProperties
08/18/2015 14:11:28,message,Add multiple crawled property mappings to 'EFBrokerNameMultiRefOWSTEXT' of type Text successfully,GlobalCall,SetupManagedProperties
08/18/2015 14:11:28,message,Added Managed PropertyEFBrokerNameMultiRefOWSTEXT of type Text successfully,GlobalCall,SetupManagedProperties
08/18/2015 14:11:28,message,RemoveEFProductMultiRefOWSTEXT 'Managed Properties' if it already exists,GlobalCall,SetupManagedProperties
08/18/2015 14:11:28,message,Adding Managed PropertyEFProductMultiRefOWSTEXT of type Text,GlobalCall,SetupManagedProperties
08/18/2015 14:11:28,message,Add multiple crawled property mappings to 'EFProductMultiRefOWSTEXT' of type Text successfully,GlobalCall,SetupManagedProperties
08/18/2015 14:11:29,message,Added Managed PropertyEFProductMultiRefOWSTEXT of type Text successfully,GlobalCall,SetupManagedProperties
08/18/2015 14:11:29,message,RemoveEFUnderwriterMultiRefOWSUSER 'Managed Properties' if it already exists,GlobalCall,SetupManagedProperties
08/18/2015 14:11:29,message,Adding Managed PropertyEFUnderwriterMultiRefOWSUSER of type Text,GlobalCall,SetupManagedProperties
08/18/2015 14:11:29,message,Add multiple crawled property mappings to 'EFUnderwriterMultiRefOWSUSER' of type Text successfully,GlobalCall,SetupManagedProperties
08/18/2015 14:11:29,message,Added Managed PropertyEFUnderwriterMultiRefOWSUSER of type Text successfully,GlobalCall,SetupManagedProperties
08/18/2015 14:11:29,message,RemoveEFUnderwritingAssistantMultiRefOWSUSER 'Managed Properties' if it already exists,GlobalCall,SetupManagedProperties
08/18/2015 14:11:29,message,Adding Managed PropertyEFUnderwritingAssistantMultiRefOWSUSER of type Text,GlobalCall,SetupManagedProperties
08/18/2015 14:11:29,message,Add multiple crawled property mappings to 'EFUnderwritingAssistantMultiRefOWSUSER' of type Text successfully,GlobalCall,SetupManagedProperties
08/18/2015 14:11:30,message,Added Managed PropertyEFUnderwritingAssistantMultiRefOWSUSER of type Text successfully,GlobalCall,SetupManagedProperties
08/18/2015 14:11:30,message,RemoveEFMasterStatusMultiRefOWSTEXT 'Managed Properties' if it already exists,GlobalCall,SetupManagedProperties
08/18/2015 14:11:30,message,Adding Managed PropertyEFMasterStatusMultiRefOWSTEXT of type Text,GlobalCall,SetupManagedProperties
08/18/2015 14:11:30,message,Add multiple crawled property mappings to 'EFMasterStatusMultiRefOWSTEXT' of type Text successfully,GlobalCall,SetupManagedProperties
08/18/2015 14:11:30,message,Added Managed PropertyEFMasterStatusMultiRefOWSTEXT of type Text successfully,GlobalCall,SetupManagedProperties
08/18/2015 14:11:30,message,RemoveEFUWStageMultiRefOWSCHCS 'Managed Properties' if it already exists,GlobalCall,SetupManagedProperties
08/18/2015 14:11:30,message,Adding Managed PropertyEFUWStageMultiRefOWSCHCS of type Text,GlobalCall,SetupManagedProperties
08/18/2015 14:11:30,message,Add multiple crawled property mappings to 'EFUWStageMultiRefOWSCHCS' of type Text successfully,GlobalCall,SetupManagedProperties
08/18/2015 14:11:30,message,Added Managed PropertyEFUWStageMultiRefOWSCHCS of type Text successfully,GlobalCall,SetupManagedProperties
08/18/2015 14:11:30,message,RemoveEFUnderwriterOWSTEXT 'Managed Properties' if it already exists,GlobalCall,SetupManagedProperties
08/18/2015 14:11:31,message,Adding Managed PropertyEFUnderwriterOWSTEXT of type Text,GlobalCall,SetupManagedProperties
08/18/2015 14:11:31,message,Add multiple crawled property mappings to 'EFUnderwriterOWSTEXT' of type Text successfully,GlobalCall,SetupManagedProperties
08/18/2015 14:11:31,message,Added Managed PropertyEFUnderwriterOWSTEXT of type Text successfully,GlobalCall,SetupManagedProperties
08/18/2015 14:11:31,message,RemoveEFUnderwriterMultiRefOWSTEXT 'Managed Properties' if it already exists,GlobalCall,SetupManagedProperties
08/18/2015 14:11:31,message,Adding Managed PropertyEFUnderwriterMultiRefOWSTEXT of type Text,GlobalCall,SetupManagedProperties
08/18/2015 14:11:31,message,Add multiple crawled property mappings to 'EFUnderwriterMultiRefOWSTEXT' of type Text successfully,GlobalCall,SetupManagedProperties
08/18/2015 14:11:31,message,Added Managed PropertyEFUnderwriterMultiRefOWSTEXT of type Text successfully,GlobalCall,SetupManagedProperties
08/18/2015 14:11:31,message,RemoveEFUnderwritingAssistantOWSTEXT 'Managed Properties' if it already exists,GlobalCall,SetupManagedProperties
08/18/2015 14:11:31,message,Adding Managed PropertyEFUnderwritingAssistantOWSTEXT of type Text,GlobalCall,SetupManagedProperties
08/18/2015 14:11:32,message,Add multiple crawled property mappings to 'EFUnderwritingAssistantOWSTEXT' of type Text successfully,GlobalCall,SetupManagedProperties
08/18/2015 14:11:32,message,Added Managed PropertyEFUnderwritingAssistantOWSTEXT of type Text successfully,GlobalCall,SetupManagedProperties
08/18/2015 14:11:32,message,RemoveEFUnderwritingAssistantMultiRefOWSTEXT 'Managed Properties' if it already exists,GlobalCall,SetupManagedProperties
08/18/2015 14:11:32,message,Adding Managed PropertyEFUnderwritingAssistantMultiRefOWSTEXT of type Text,GlobalCall,SetupManagedProperties
08/18/2015 14:11:32,message,Add multiple crawled property mappings to 'EFUnderwritingAssistantMultiRefOWSTEXT' of type Text successfully,GlobalCall,SetupManagedProperties
08/18/2015 14:11:32,message,Added Managed PropertyEFUnderwritingAssistantMultiRefOWSTEXT of type Text successfully,GlobalCall,SetupManagedProperties
08/18/2015 14:11:32,message,RemoveEFSpotlightUsersOWSUSER 'Managed Properties' if it already exists,GlobalCall,SetupManagedProperties
08/18/2015 14:11:32,message,Adding Managed PropertyEFSpotlightUsersOWSUSER of type Text,GlobalCall,SetupManagedProperties
08/18/2015 14:11:32,message,Add multiple crawled property mappings to 'EFSpotlightUsersOWSUSER' of type Text successfully,GlobalCall,SetupManagedProperties
08/18/2015 14:11:33,message,Added Managed PropertyEFSpotlightUsersOWSUSER of type Text successfully,GlobalCall,SetupManagedProperties
08/18/2015 14:11:33,message,Setup Crawl and Managed properties- Completed,GlobalCall,SetupManagedProperties
08/18/2015 14:11:40,message,Input xml path got :E:\ECMCode\Part III\PS Scripts\PS Scripts\Search\CreateResultSources.xml,CreateResultSources,CreateResultSources
08/27/2015 13:45:48,message,Adding PowerShell Snapin,GlobalCall,SetupManagedProperties
08/27/2015 13:45:53,message,PowerShell Snapin added successfully,GlobalCall,SetupManagedProperties
08/27/2015 13:45:53,message,Setup Crawl and Managed properties- Started,GlobalCall,SetupManagedProperties
08/27/2015 13:45:53,message,Parameters passed: SearchServiceApplicationName -,GlobalCall,ContentSourceSetup
08/27/2015 13:45:53,message,Getting Input xml path,GlobalCall,ContentSourceSetup
08/27/2015 13:45:53,message,Input xml path got :E:\LVGI_ECMCode\Part III\PS Scripts\PS Scripts\Search\SetupManagedProperties.xml,GlobalCall,SetupManagedProperties
08/27/2015 13:45:53,message,Parsing file: E:\LVGI_ECMCode\Part III\PS Scripts\PS Scripts\Search\SetupManagedProperties.xml,GlobalCall,SetupManagedProperties
08/27/2015 13:45:54,message,Starting... Loop through crawled properties to check or add,GlobalCall,SetupManagedProperties
08/27/2015 13:45:54,message,Crawl Property SharePoint:ows_q_TEXT_EFSubmissionNumber already exists,GlobalCall,SetupManagedProperties
08/27/2015 13:45:54,message,Crawl Property SharePoint:ows_q_TEXT_EFPolicyNumber already exists,GlobalCall,SetupManagedProperties
08/27/2015 13:45:54,message,Crawl Property SharePoint:ows_q_TEXT_EFCountry already exists,GlobalCall,SetupManagedProperties
08/27/2015 13:45:54,message,Crawl Property SharePoint:ows_q_TEXT_EFFunction already exists,GlobalCall,SetupManagedProperties
08/27/2015 13:45:54,message,Adding Crawl Propertyows_q_TEXT_EFBranchName of type Text,GlobalCall,SetupManagedProperties
08/27/2015 13:45:56,message,Adding Crawl Propertyows_q_TEXT_EFBranchCode of type Text,GlobalCall,SetupManagedProperties
08/27/2015 13:45:56,message,Adding Crawl Propertyows_q_TEXT_EFCompany of type Text,GlobalCall,SetupManagedProperties
08/27/2015 13:45:57,message,Crawl Property SharePoint:ows_q_TEXT_EFLOB already exists,GlobalCall,SetupManagedProperties
08/27/2015 13:45:57,message,Crawl Property SharePoint:ows_q_TEXT_EFRegion already exists,GlobalCall,SetupManagedProperties
08/27/2015 13:45:57,message,Crawl Property SharePoint:ows_q_TEXT_EFRiskLocation already exists,GlobalCall,SetupManagedProperties
08/27/2015 13:45:57,message,Adding Crawl Propertyows_q_TEXT_EFQuoteNumber of type Text,GlobalCall,SetupManagedProperties
08/27/2015 13:45:57,message,Adding Crawl Propertyows_q_TEXT_EFBatchNumber of type Text,GlobalCall,SetupManagedProperties
08/27/2015 13:45:57,message,Adding Crawl Propertyows_q_TEXT_EFProposalNumber of type Text,GlobalCall,SetupManagedProperties
08/27/2015 13:45:57,message,Adding Crawl Propertyows_q_TEXT_EFDCNNumber of type Text,GlobalCall,SetupManagedProperties
08/27/2015 13:45:57,message,Adding Crawl Propertyows_q_TEXT_EFSMName of type Text,GlobalCall,SetupManagedProperties
08/27/2015 13:45:57,message,Adding Crawl Propertyows_q_TEXT_EFSMCode of type Text,GlobalCall,SetupManagedProperties
08/27/2015 13:45:57,message,Crawl Property SharePoint:ows_q_TEXT_EFPolicyNumber already exists,GlobalCall,SetupManagedProperties
08/27/2015 13:45:57,message,Crawl Property SharePoint:ows_q_INTG_EFPolicyYear already exists,GlobalCall,SetupManagedProperties
08/27/2015 13:45:57,message,Crawl Property SharePoint:ows_q_DATE_EFPolicyInceptionDate already exists,GlobalCall,SetupManagedProperties
08/27/2015 13:45:57,message,Crawl Property SharePoint:ows_q_DATE_EFPolicyExpiryDate already exists,GlobalCall,SetupManagedProperties
08/27/2015 13:45:58,message,Crawl Property SharePoint:ows_q_USER_EFUnderwriter already exists,GlobalCall,SetupManagedProperties
08/27/2015 13:45:58,message,Crawl Property SharePoint:ows_q_TEXT_EFInsuredName already exists,GlobalCall,SetupManagedProperties
08/27/2015 13:45:58,message,Crawl Property SharePoint:ows_q_TEXT_EFInsuredCode already exists,GlobalCall,SetupManagedProperties
08/27/2015 13:45:58,message,Adding Crawl Propertyows_q_TEXT_EFIntermediaryName of type Text,GlobalCall,SetupManagedProperties
08/27/2015 13:45:58,message,Adding Crawl Propertyows_q_TEXT_EFIntermediaryCode of type Text,GlobalCall,SetupManagedProperties
08/27/2015 13:45:58,message,Crawl Property SharePoint:ows_q_TEXT_EFProduct already exists,GlobalCall,SetupManagedProperties
08/27/2015 13:45:58,message,Crawl Property SharePoint:ows_q_USER_EFUnderwritingAssistant already exists,GlobalCall,SetupManagedProperties
08/27/2015 13:45:58,message,Crawl Property SharePoint:ows_q_TEXT_EFMasterStatus already exists,GlobalCall,SetupManagedProperties
08/27/2015 13:45:58,message,Crawl Property SharePoint:ows_q_CHCS_EFHasActiveClaims already exists,GlobalCall,SetupManagedProperties
08/27/2015 13:45:58,message,Crawl Property SharePoint:ows_q_CHCS_EFIsSpotlight already exists,GlobalCall,SetupManagedProperties
08/27/2015 13:45:58,message,Crawl Property SharePoint:ows_q_CHCS_EFIsConfidential already exists,GlobalCall,SetupManagedProperties
08/27/2015 13:45:58,message,Crawl Property SharePoint:ows_q_CHCS_EFeFileCategory already exists,GlobalCall,SetupManagedProperties
08/27/2015 13:45:58,message,Crawl Property SharePoint:ows_q_CHCS_EFUWStage already exists,GlobalCall,SetupManagedProperties
08/27/2015 13:45:58,message,Crawl Property SharePoint:ows_q_CHCS_EFeFileDocumentGroup already exists,GlobalCall,SetupManagedProperties
08/27/2015 13:45:59,message,Crawl Property SharePoint:ows_q_CHCS_EFeFileDocumentType already exists,GlobalCall,SetupManagedProperties
08/27/2015 13:45:59,message,Crawl Property SharePoint:ows_q_CHCS_EFDocumentStatus already exists,GlobalCall,SetupManagedProperties
08/27/2015 13:45:59,message,Crawl Property SharePoint:ows_q_TEXT_EFDocumentTitle already exists,GlobalCall,SetupManagedProperties
08/27/2015 13:45:59,message,Crawl Property SharePoint:ows_q_DATE_EFEmailDate already exists,GlobalCall,SetupManagedProperties
08/27/2015 13:45:59,message,Crawl Property SharePoint:ows_q_TEXT_EFEmailTo already exists,GlobalCall,SetupManagedProperties
08/27/2015 13:45:59,message,Crawl Property SharePoint:ows_q_TEXT_EFEmailFrom already exists,GlobalCall,SetupManagedProperties
08/27/2015 13:45:59,message,Crawl Property SharePoint:ows_q_TEXT_EFEmailCC already exists,GlobalCall,SetupManagedProperties
08/27/2015 13:45:59,message,Crawl Property SharePoint:ows_EFUnderwriter already exists,GlobalCall,SetupManagedProperties
08/27/2015 13:45:59,message,Crawl Property SharePoint:ows_EFUnderwritingAssistant already exists,GlobalCall,SetupManagedProperties
08/27/2015 13:45:59,message,Crawl Property SharePoint:ows_q_TEXT_EFSpotlightUsers already exists,GlobalCall,SetupManagedProperties
08/27/2015 13:45:59,message,Crawl Property SharePoint:ows_q_USER_EFSpotlightUsers already exists,GlobalCall,SetupManagedProperties
08/27/2015 13:45:59,message,Completed... Loop through crawled properties to check or add,GlobalCall,SetupManagedProperties
08/27/2015 13:45:59,message,Starting... Loop through Managed properties to check and add,GlobalCall,SetupManagedProperties
08/27/2015 13:45:59,message,RemoveEFEfileNumberOWSTEXT 'Managed Properties' if it already exists,GlobalCall,SetupManagedProperties
08/27/2015 13:46:00,message,Adding Managed PropertyEFEfileNumberOWSTEXT of type Text,GlobalCall,SetupManagedProperties
08/27/2015 13:46:01,message,Add multiple crawled property mappings to 'EFEfileNumberOWSTEXT' of type Text successfully,GlobalCall,SetupManagedProperties
08/27/2015 13:46:01,error,Cannot bind argument to parameter 'CrawledProperty' because it is null.,On CreateManagedPropertiesEFEfileNumberOWSTEXT,SetupManagedProperties
08/27/2015 13:46:01,message,RemoveEFCountryOWSTEXT 'Managed Properties' if it already exists,GlobalCall,SetupManagedProperties
08/27/2015 13:46:01,message,Adding Managed PropertyEFCountryOWSTEXT of type Text,GlobalCall,SetupManagedProperties
08/27/2015 13:46:01,message,Add multiple crawled property mappings to 'EFCountryOWSTEXT' of type Text successfully,GlobalCall,SetupManagedProperties
08/27/2015 13:46:02,message,Added Managed PropertyEFCountryOWSTEXT of type Text successfully,GlobalCall,SetupManagedProperties
08/27/2015 13:46:02,message,RemoveEFFunctionOWSTEXT 'Managed Properties' if it already exists,GlobalCall,SetupManagedProperties
08/27/2015 13:46:02,message,Adding Managed PropertyEFFunctionOWSTEXT of type Text,GlobalCall,SetupManagedProperties
08/27/2015 13:46:02,message,Add multiple crawled property mappings to 'EFFunctionOWSTEXT' of type Text successfully,GlobalCall,SetupManagedProperties
08/27/2015 13:46:02,message,Added Managed PropertyEFFunctionOWSTEXT of type Text successfully,GlobalCall,SetupManagedProperties
08/27/2015 13:46:02,message,RemoveEFBranchNameOWSTEXT 'Managed Properties' if it already exists,GlobalCall,SetupManagedProperties
08/27/2015 13:46:02,message,Adding Managed PropertyEFBranchNameOWSTEXT of type Text,GlobalCall,SetupManagedProperties
08/27/2015 13:46:02,message,Add multiple crawled property mappings to 'EFBranchNameOWSTEXT' of type Text successfully,GlobalCall,SetupManagedProperties
08/27/2015 13:46:03,message,Added Managed PropertyEFBranchNameOWSTEXT of type Text successfully,GlobalCall,SetupManagedProperties
08/27/2015 13:46:03,message,RemoveEFBranchCodeOWSTEXT 'Managed Properties' if it already exists,GlobalCall,SetupManagedProperties
08/27/2015 13:46:03,message,Adding Managed PropertyEFBranchCodeOWSTEXT of type Text,GlobalCall,SetupManagedProperties
08/27/2015 13:46:03,message,Add multiple crawled property mappings to 'EFBranchCodeOWSTEXT' of type Text successfully,GlobalCall,SetupManagedProperties
08/27/2015 13:46:03,message,Added Managed PropertyEFBranchCodeOWSTEXT of type Text successfully,GlobalCall,SetupManagedProperties
08/27/2015 13:46:03,message,RemoveEFCompanyOWSTEXT 'Managed Properties' if it already exists,GlobalCall,SetupManagedProperties
08/27/2015 13:46:03,message,Adding Managed PropertyEFCompanyOWSTEXT of type Text,GlobalCall,SetupManagedProperties
08/27/2015 13:46:03,message,Add multiple crawled property mappings to 'EFCompanyOWSTEXT' of type Text successfully,GlobalCall,SetupManagedProperties
08/27/2015 13:46:04,message,Added Managed PropertyEFCompanyOWSTEXT of type Text successfully,GlobalCall,SetupManagedProperties
08/27/2015 13:46:04,message,RemoveEFLOBOWSTEXT 'Managed Properties' if it already exists,GlobalCall,SetupManagedProperties
08/27/2015 13:46:04,message,Adding Managed PropertyEFLOBOWSTEXT of type Text,GlobalCall,SetupManagedProperties
08/27/2015 13:46:04,message,Add multiple crawled property mappings to 'EFLOBOWSTEXT' of type Text successfully,GlobalCall,SetupManagedProperties
08/27/2015 13:46:04,message,Added Managed PropertyEFLOBOWSTEXT of type Text successfully,GlobalCall,SetupManagedProperties
08/27/2015 13:46:04,message,RemoveEFRegionOWSTEXT 'Managed Properties' if it already exists,GlobalCall,SetupManagedProperties
08/27/2015 13:46:04,message,Adding Managed PropertyEFRegionOWSTEXT of type Text,GlobalCall,SetupManagedProperties
08/27/2015 13:46:04,message,Add multiple crawled property mappings to 'EFRegionOWSTEXT' of type Text successfully,GlobalCall,SetupManagedProperties
08/27/2015 13:46:04,message,Added Managed PropertyEFRegionOWSTEXT of type Text successfully,GlobalCall,SetupManagedProperties
08/27/2015 13:46:05,message,RemoveEFRiskLocationOWSTEXT 'Managed Properties' if it already exists,GlobalCall,SetupManagedProperties
08/27/2015 13:46:05,message,Adding Managed PropertyEFRiskLocationOWSTEXT of type Text,GlobalCall,SetupManagedProperties
08/27/2015 13:46:05,message,Add multiple crawled property mappings to 'EFRiskLocationOWSTEXT' of type Text successfully,GlobalCall,SetupManagedProperties
08/27/2015 13:46:05,message,Added Managed PropertyEFRiskLocationOWSTEXT of type Text successfully,GlobalCall,SetupManagedProperties
08/27/2015 13:46:05,message,RemoveEFSubmissionNumberOWSTEXT 'Managed Properties' if it already exists,GlobalCall,SetupManagedProperties
08/27/2015 13:46:05,message,Adding Managed PropertyEFSubmissionNumberOWSTEXT of type Text,GlobalCall,SetupManagedProperties
08/27/2015 13:46:05,message,Add multiple crawled property mappings to 'EFSubmissionNumberOWSTEXT' of type Text successfully,GlobalCall,SetupManagedProperties
08/27/2015 13:46:06,message,Added Managed PropertyEFSubmissionNumberOWSTEXT of type Text successfully,GlobalCall,SetupManagedProperties
08/27/2015 13:46:06,message,RemoveEFQuoteNumberOWSTEXT 'Managed Properties' if it already exists,GlobalCall,SetupManagedProperties
08/27/2015 13:46:06,message,Adding Managed PropertyEFQuoteNumberOWSTEXT of type Text,GlobalCall,SetupManagedProperties
08/27/2015 13:46:06,message,Add multiple crawled property mappings to 'EFQuoteNumberOWSTEXT' of type Text successfully,GlobalCall,SetupManagedProperties
08/27/2015 13:46:06,message,Added Managed PropertyEFQuoteNumberOWSTEXT of type Text successfully,GlobalCall,SetupManagedProperties
08/27/2015 13:46:06,message,RemoveEFBatchNumberOWSTEXT 'Managed Properties' if it already exists,GlobalCall,SetupManagedProperties
08/27/2015 13:46:06,message,Adding Managed PropertyEFBatchNumberOWSTEXT of type Text,GlobalCall,SetupManagedProperties
08/27/2015 13:46:06,message,Add multiple crawled property mappings to 'EFBatchNumberOWSTEXT' of type Text successfully,GlobalCall,SetupManagedProperties
08/27/2015 13:46:06,message,Added Managed PropertyEFBatchNumberOWSTEXT of type Text successfully,GlobalCall,SetupManagedProperties
08/27/2015 13:46:06,message,RemoveEFProposalNumberOWSTEXT 'Managed Properties' if it already exists,GlobalCall,SetupManagedProperties
08/27/2015 13:46:06,message,Adding Managed PropertyEFProposalNumberOWSTEXT of type Text,GlobalCall,SetupManagedProperties
08/27/2015 13:46:06,message,Add multiple crawled property mappings to 'EFProposalNumberOWSTEXT' of type Text successfully,GlobalCall,SetupManagedProperties
08/27/2015 13:46:07,message,Added Managed PropertyEFProposalNumberOWSTEXT of type Text successfully,GlobalCall,SetupManagedProperties
08/27/2015 13:46:07,message,RemoveEFDCNNumberOWSTEXT 'Managed Properties' if it already exists,GlobalCall,SetupManagedProperties
08/27/2015 13:46:07,message,Adding Managed PropertyEFDCNNumberOWSTEXT of type Text,GlobalCall,SetupManagedProperties
08/27/2015 13:46:07,message,Add multiple crawled property mappings to 'EFDCNNumberOWSTEXT' of type Text successfully,GlobalCall,SetupManagedProperties
08/27/2015 13:46:07,message,Added Managed PropertyEFDCNNumberOWSTEXT of type Text successfully,GlobalCall,SetupManagedProperties
08/27/2015 13:46:07,message,RemoveEFSMNameOWSTEXT 'Managed Properties' if it already exists,GlobalCall,SetupManagedProperties
08/27/2015 13:46:07,message,Adding Managed PropertyEFSMNameOWSTEXT of type Text,GlobalCall,SetupManagedProperties
08/27/2015 13:46:07,message,Add multiple crawled property mappings to 'EFSMNameOWSTEXT' of type Text successfully,GlobalCall,SetupManagedProperties
08/27/2015 13:46:08,message,Added Managed PropertyEFSMNameOWSTEXT of type Text successfully,GlobalCall,SetupManagedProperties
08/27/2015 13:46:08,message,RemoveEFSMCodeOWSTEXT 'Managed Properties' if it already exists,GlobalCall,SetupManagedProperties
08/27/2015 13:46:08,message,Adding Managed PropertyEFSMCodeOWSTEXT of type Text,GlobalCall,SetupManagedProperties
08/27/2015 13:46:08,message,Add multiple crawled property mappings to 'EFSMCodeOWSTEXT' of type Text successfully,GlobalCall,SetupManagedProperties
08/27/2015 13:46:08,message,Added Managed PropertyEFSMCodeOWSTEXT of type Text successfully,GlobalCall,SetupManagedProperties
08/27/2015 13:46:08,message,RemoveEFPolicyNumberOWSTEXT 'Managed Properties' if it already exists,GlobalCall,SetupManagedProperties
08/27/2015 13:46:08,message,Adding Managed PropertyEFPolicyNumberOWSTEXT of type Text,GlobalCall,SetupManagedProperties
08/27/2015 13:46:09,message,Add multiple crawled property mappings to 'EFPolicyNumberOWSTEXT' of type Text successfully,GlobalCall,SetupManagedProperties
08/27/2015 13:46:09,error,Cannot bind argument to parameter 'CrawledProperty' because it is null.,On CreateManagedPropertiesEFPolicyNumberOWSTEXT,SetupManagedProperties
08/27/2015 13:46:09,message,RemoveEFPolicyYearOWSDATE 'Managed Properties' if it already exists,GlobalCall,SetupManagedProperties
08/27/2015 13:46:09,message,Adding Managed PropertyEFPolicyYearOWSDATE of type Text,GlobalCall,SetupManagedProperties
08/27/2015 13:46:09,message,Add multiple crawled property mappings to 'EFPolicyYearOWSDATE' of type Text successfully,GlobalCall,SetupManagedProperties
08/27/2015 13:46:09,message,Added Managed PropertyEFPolicyYearOWSDATE of type Text successfully,GlobalCall,SetupManagedProperties
08/27/2015 13:46:09,message,RemoveEFPolicyInceptionDateOWSDATE 'Managed Properties' if it already exists,GlobalCall,SetupManagedProperties
08/27/2015 13:46:09,message,Adding Managed PropertyEFPolicyInceptionDateOWSDATE of type Text,GlobalCall,SetupManagedProperties
08/27/2015 13:46:10,message,Add multiple crawled property mappings to 'EFPolicyInceptionDateOWSDATE' of type Text successfully,GlobalCall,SetupManagedProperties
08/27/2015 13:46:10,message,Added Managed PropertyEFPolicyInceptionDateOWSDATE of type Text successfully,GlobalCall,SetupManagedProperties
08/27/2015 13:46:10,message,RemoveEFPolicyExpiryDateOWSDATE 'Managed Properties' if it already exists,GlobalCall,SetupManagedProperties
08/27/2015 13:46:10,message,Adding Managed PropertyEFPolicyExpiryDateOWSDATE of type Text,GlobalCall,SetupManagedProperties
08/27/2015 13:46:10,message,Add multiple crawled property mappings to 'EFPolicyExpiryDateOWSDATE' of type Text successfully,GlobalCall,SetupManagedProperties
08/27/2015 13:46:10,message,Added Managed PropertyEFPolicyExpiryDateOWSDATE of type Text successfully,GlobalCall,SetupManagedProperties
08/27/2015 13:46:10,message,RemoveEFUnderwriterOWSUSER 'Managed Properties' if it already exists,GlobalCall,SetupManagedProperties
08/27/2015 13:46:10,message,Adding Managed PropertyEFUnderwriterOWSUSER of type Text,GlobalCall,SetupManagedProperties
08/27/2015 13:46:11,message,Add multiple crawled property mappings to 'EFUnderwriterOWSUSER' of type Text successfully,GlobalCall,SetupManagedProperties
08/27/2015 13:46:11,message,Added Managed PropertyEFUnderwriterOWSUSER of type Text successfully,GlobalCall,SetupManagedProperties
08/27/2015 13:46:11,message,RemoveEFInsuredNameOWSTEXT 'Managed Properties' if it already exists,GlobalCall,SetupManagedProperties
08/27/2015 13:46:11,message,Adding Managed PropertyEFInsuredNameOWSTEXT of type Text,GlobalCall,SetupManagedProperties
08/27/2015 13:46:11,message,Add multiple crawled property mappings to 'EFInsuredNameOWSTEXT' of type Text successfully,GlobalCall,SetupManagedProperties
08/27/2015 13:46:11,message,Added Managed PropertyEFInsuredNameOWSTEXT of type Text successfully,GlobalCall,SetupManagedProperties
08/27/2015 13:46:11,message,RemoveEFInsuredCodeOWSTEXT 'Managed Properties' if it already exists,GlobalCall,SetupManagedProperties
08/27/2015 13:46:12,message,Adding Managed PropertyEFInsuredCodeOWSTEXT of type Text,GlobalCall,SetupManagedProperties
08/27/2015 13:46:12,message,Add multiple crawled property mappings to 'EFInsuredCodeOWSTEXT' of type Text successfully,GlobalCall,SetupManagedProperties
08/27/2015 13:46:12,message,Added Managed PropertyEFInsuredCodeOWSTEXT of type Text successfully,GlobalCall,SetupManagedProperties
08/27/2015 13:46:12,message,RemoveEFIntermediaryNameOWSTEXT 'Managed Properties' if it already exists,GlobalCall,SetupManagedProperties
08/27/2015 13:46:12,message,Adding Managed PropertyEFIntermediaryNameOWSTEXT of type Text,GlobalCall,SetupManagedProperties
08/27/2015 13:46:12,message,Add multiple crawled property mappings to 'EFIntermediaryNameOWSTEXT' of type Text successfully,GlobalCall,SetupManagedProperties
08/27/2015 13:46:13,message,Added Managed PropertyEFIntermediaryNameOWSTEXT of type Text successfully,GlobalCall,SetupManagedProperties
08/27/2015 13:46:13,message,RemoveEFIntermediaryCodeOWSTEXT 'Managed Properties' if it already exists,GlobalCall,SetupManagedProperties
08/27/2015 13:46:13,message,Adding Managed PropertyEFIntermediaryCodeOWSTEXT of type Text,GlobalCall,SetupManagedProperties
08/27/2015 13:46:13,message,Add multiple crawled property mappings to 'EFIntermediaryCodeOWSTEXT' of type Text successfully,GlobalCall,SetupManagedProperties
08/27/2015 13:46:13,message,Added Managed PropertyEFIntermediaryCodeOWSTEXT of type Text successfully,GlobalCall,SetupManagedProperties
08/27/2015 13:46:13,message,RemoveEFProductOWSTEXT 'Managed Properties' if it already exists,GlobalCall,SetupManagedProperties
08/27/2015 13:46:13,message,Adding Managed PropertyEFProductOWSTEXT of type Text,GlobalCall,SetupManagedProperties
08/27/2015 13:46:13,message,Add multiple crawled property mappings to 'EFProductOWSTEXT' of type Text successfully,GlobalCall,SetupManagedProperties
08/27/2015 13:46:13,message,Added Managed PropertyEFProductOWSTEXT of type Text successfully,GlobalCall,SetupManagedProperties
08/27/2015 13:46:13,message,RemoveEFUnderwritingAssistantOWSUSER 'Managed Properties' if it already exists,GlobalCall,SetupManagedProperties
08/27/2015 13:46:14,message,Adding Managed PropertyEFUnderwritingAssistantOWSUSER of type Text,GlobalCall,SetupManagedProperties
08/27/2015 13:46:14,message,Add multiple crawled property mappings to 'EFUnderwritingAssistantOWSUSER' of type Text successfully,GlobalCall,SetupManagedProperties
08/27/2015 13:46:14,message,Added Managed PropertyEFUnderwritingAssistantOWSUSER of type Text successfully,GlobalCall,SetupManagedProperties
08/27/2015 13:46:14,message,RemoveEFMasterStatusOWSTEXT 'Managed Properties' if it already exists,GlobalCall,SetupManagedProperties
08/27/2015 13:46:14,message,Adding Managed PropertyEFMasterStatusOWSTEXT of type Text,GlobalCall,SetupManagedProperties
08/27/2015 13:46:14,message,Add multiple crawled property mappings to 'EFMasterStatusOWSTEXT' of type Text successfully,GlobalCall,SetupManagedProperties
08/27/2015 13:46:14,message,Added Managed PropertyEFMasterStatusOWSTEXT of type Text successfully,GlobalCall,SetupManagedProperties
08/27/2015 13:46:14,message,RemoveEFHasActiveClaimsOWSBOOL 'Managed Properties' if it already exists,GlobalCall,SetupManagedProperties
08/27/2015 13:46:15,message,Adding Managed PropertyEFHasActiveClaimsOWSBOOL of type Text,GlobalCall,SetupManagedProperties
08/27/2015 13:46:15,message,Add multiple crawled property mappings to 'EFHasActiveClaimsOWSBOOL' of type Text successfully,GlobalCall,SetupManagedProperties
08/27/2015 13:46:15,message,Added Managed PropertyEFHasActiveClaimsOWSBOOL of type Text successfully,GlobalCall,SetupManagedProperties
08/27/2015 13:46:15,message,RemoveEFIsConfidentialOWSBOOL 'Managed Properties' if it already exists,GlobalCall,SetupManagedProperties
08/27/2015 13:46:15,message,Adding Managed PropertyEFIsConfidentialOWSBOOL of type Text,GlobalCall,SetupManagedProperties
08/27/2015 13:46:15,message,Add multiple crawled property mappings to 'EFIsConfidentialOWSBOOL' of type Text successfully,GlobalCall,SetupManagedProperties
08/27/2015 13:46:16,message,Added Managed PropertyEFIsConfidentialOWSBOOL of type Text successfully,GlobalCall,SetupManagedProperties
08/27/2015 13:46:16,message,RemoveEFIsSpotlightOWSBOOL 'Managed Properties' if it already exists,GlobalCall,SetupManagedProperties
08/27/2015 13:46:16,message,Adding Managed PropertyEFIsSpotlightOWSBOOL of type Text,GlobalCall,SetupManagedProperties
08/27/2015 13:46:16,message,Add multiple crawled property mappings to 'EFIsSpotlightOWSBOOL' of type Text successfully,GlobalCall,SetupManagedProperties
08/27/2015 13:46:16,message,Added Managed PropertyEFIsSpotlightOWSBOOL of type Text successfully,GlobalCall,SetupManagedProperties
08/27/2015 13:46:16,message,RemoveEFeFileCategoryOWSCHCS 'Managed Properties' if it already exists,GlobalCall,SetupManagedProperties
08/27/2015 13:46:16,message,Adding Managed PropertyEFeFileCategoryOWSCHCS of type Text,GlobalCall,SetupManagedProperties
08/27/2015 13:46:17,message,Add multiple crawled property mappings to 'EFeFileCategoryOWSCHCS' of type Text successfully,GlobalCall,SetupManagedProperties
08/27/2015 13:46:17,message,Added Managed PropertyEFeFileCategoryOWSCHCS of type Text successfully,GlobalCall,SetupManagedProperties
08/27/2015 13:46:17,message,RemoveEFUWStageOWSCHCS 'Managed Properties' if it already exists,GlobalCall,SetupManagedProperties
08/27/2015 13:46:17,message,Adding Managed PropertyEFUWStageOWSCHCS of type Text,GlobalCall,SetupManagedProperties
08/27/2015 13:46:17,message,Add multiple crawled property mappings to 'EFUWStageOWSCHCS' of type Text successfully,GlobalCall,SetupManagedProperties
08/27/2015 13:46:17,message,Added Managed PropertyEFUWStageOWSCHCS of type Text successfully,GlobalCall,SetupManagedProperties
08/27/2015 13:46:17,message,RemoveEFDocumentGroupOWSTAXID 'Managed Properties' if it already exists,GlobalCall,SetupManagedProperties
08/27/2015 13:46:17,message,Adding Managed PropertyEFDocumentGroupOWSTAXID of type Text,GlobalCall,SetupManagedProperties
08/27/2015 13:46:18,message,Add multiple crawled property mappings to 'EFDocumentGroupOWSTAXID' of type Text successfully,GlobalCall,SetupManagedProperties
08/27/2015 13:46:18,message,Added Managed PropertyEFDocumentGroupOWSTAXID of type Text successfully,GlobalCall,SetupManagedProperties
08/27/2015 13:46:18,message,RemoveEFDocumentTypeOWSTAXID 'Managed Properties' if it already exists,GlobalCall,SetupManagedProperties
08/27/2015 13:46:18,message,Adding Managed PropertyEFDocumentTypeOWSTAXID of type Text,GlobalCall,SetupManagedProperties
08/27/2015 13:46:18,message,Add multiple crawled property mappings to 'EFDocumentTypeOWSTAXID' of type Text successfully,GlobalCall,SetupManagedProperties
08/27/2015 13:46:18,message,Added Managed PropertyEFDocumentTypeOWSTAXID of type Text successfully,GlobalCall,SetupManagedProperties
08/27/2015 13:46:18,message,RemoveEFDocumentStatusOWSCHCS 'Managed Properties' if it already exists,GlobalCall,SetupManagedProperties
08/27/2015 13:46:18,message,Adding Managed PropertyEFDocumentStatusOWSCHCS of type Text,GlobalCall,SetupManagedProperties
08/27/2015 13:46:18,message,Add multiple crawled property mappings to 'EFDocumentStatusOWSCHCS' of type Text successfully,GlobalCall,SetupManagedProperties
08/27/2015 13:46:19,message,Added Managed PropertyEFDocumentStatusOWSCHCS of type Text successfully,GlobalCall,SetupManagedProperties
08/27/2015 13:46:19,message,RemoveEFDocumentTitleOWSTEXT 'Managed Properties' if it already exists,GlobalCall,SetupManagedProperties
08/27/2015 13:46:19,message,Adding Managed PropertyEFDocumentTitleOWSTEXT of type Text,GlobalCall,SetupManagedProperties
08/27/2015 13:46:19,message,Add multiple crawled property mappings to 'EFDocumentTitleOWSTEXT' of type Text successfully,GlobalCall,SetupManagedProperties
08/27/2015 13:46:19,message,Added Managed PropertyEFDocumentTitleOWSTEXT of type Text successfully,GlobalCall,SetupManagedProperties
08/27/2015 13:46:19,message,RemoveEFEmailDateOWSTEXT 'Managed Properties' if it already exists,GlobalCall,SetupManagedProperties
08/27/2015 13:46:20,message,Adding Managed PropertyEFEmailDateOWSTEXT of type Text,GlobalCall,SetupManagedProperties
08/27/2015 13:46:20,message,Add multiple crawled property mappings to 'EFEmailDateOWSTEXT' of type Text successfully,GlobalCall,SetupManagedProperties
08/27/2015 13:46:20,message,Added Managed PropertyEFEmailDateOWSTEXT of type Text successfully,GlobalCall,SetupManagedProperties
08/27/2015 13:46:20,message,RemoveEFEmailToOWSTEXT 'Managed Properties' if it already exists,GlobalCall,SetupManagedProperties
08/27/2015 13:46:20,message,Adding Managed PropertyEFEmailToOWSTEXT of type Text,GlobalCall,SetupManagedProperties
08/27/2015 13:46:20,message,Add multiple crawled property mappings to 'EFEmailToOWSTEXT' of type Text successfully,GlobalCall,SetupManagedProperties
08/27/2015 13:46:20,message,Added Managed PropertyEFEmailToOWSTEXT of type Text successfully,GlobalCall,SetupManagedProperties
08/27/2015 13:46:20,message,RemoveEFEmailFromOWSTEXT 'Managed Properties' if it already exists,GlobalCall,SetupManagedProperties
08/27/2015 13:46:21,message,Adding Managed PropertyEFEmailFromOWSTEXT of type Text,GlobalCall,SetupManagedProperties
08/27/2015 13:46:21,message,Add multiple crawled property mappings to 'EFEmailFromOWSTEXT' of type Text successfully,GlobalCall,SetupManagedProperties
08/27/2015 13:46:21,message,Added Managed PropertyEFEmailFromOWSTEXT of type Text successfully,GlobalCall,SetupManagedProperties
08/27/2015 13:46:21,message,RemoveEFEmailCCOWSTEXT 'Managed Properties' if it already exists,GlobalCall,SetupManagedProperties
08/27/2015 13:46:21,message,Adding Managed PropertyEFEmailCCOWSTEXT of type Text,GlobalCall,SetupManagedProperties
08/27/2015 13:46:21,message,Add multiple crawled property mappings to 'EFEmailCCOWSTEXT' of type Text successfully,GlobalCall,SetupManagedProperties
08/27/2015 13:46:21,message,Added Managed PropertyEFEmailCCOWSTEXT of type Text successfully,GlobalCall,SetupManagedProperties
08/27/2015 13:46:21,message,RemoveEFPolicyInceptionDateOWSDATE2 'Managed Properties' if it already exists,GlobalCall,SetupManagedProperties
08/27/2015 13:46:21,message,Adding Managed PropertyEFPolicyInceptionDateOWSDATE2 of type DateTime,GlobalCall,SetupManagedProperties
08/27/2015 13:46:22,message,Add multiple crawled property mappings to 'EFPolicyInceptionDateOWSDATE2' of type DateTime successfully,GlobalCall,SetupManagedProperties
08/27/2015 13:46:22,message,Added Managed PropertyEFPolicyInceptionDateOWSDATE2 of type DateTime successfully,GlobalCall,SetupManagedProperties
08/27/2015 13:46:22,message,RemoveEFPolicyExpiryDateOWSDATE2 'Managed Properties' if it already exists,GlobalCall,SetupManagedProperties
08/27/2015 13:46:22,message,Adding Managed PropertyEFPolicyExpiryDateOWSDATE2 of type DateTime,GlobalCall,SetupManagedProperties
08/27/2015 13:46:22,message,Add multiple crawled property mappings to 'EFPolicyExpiryDateOWSDATE2' of type DateTime successfully,GlobalCall,SetupManagedProperties
08/27/2015 13:46:22,message,Added Managed PropertyEFPolicyExpiryDateOWSDATE2 of type DateTime successfully,GlobalCall,SetupManagedProperties
08/27/2015 13:46:22,message,RemoveEFEmailDateOWSTEXT2 'Managed Properties' if it already exists,GlobalCall,SetupManagedProperties
08/27/2015 13:46:23,message,Adding Managed PropertyEFEmailDateOWSTEXT2 of type DateTime,GlobalCall,SetupManagedProperties
08/27/2015 13:46:23,message,Add multiple crawled property mappings to 'EFEmailDateOWSTEXT2' of type DateTime successfully,GlobalCall,SetupManagedProperties
08/27/2015 13:46:23,message,Added Managed PropertyEFEmailDateOWSTEXT2 of type DateTime successfully,GlobalCall,SetupManagedProperties
08/27/2015 13:46:23,message,RemoveEFPolicyInceptionDateMultiRefOWSDATE 'Managed Properties' if it already exists,GlobalCall,SetupManagedProperties
08/27/2015 13:46:23,message,Adding Managed PropertyEFPolicyInceptionDateMultiRefOWSDATE of type Text,GlobalCall,SetupManagedProperties
08/27/2015 13:46:23,message,Add multiple crawled property mappings to 'EFPolicyInceptionDateMultiRefOWSDATE' of type Text successfully,GlobalCall,SetupManagedProperties
08/27/2015 13:46:23,message,Added Managed PropertyEFPolicyInceptionDateMultiRefOWSDATE of type Text successfully,GlobalCall,SetupManagedProperties
08/27/2015 13:46:23,message,RemoveEFPolicyExpiryDateMultiRefOWSDATE 'Managed Properties' if it already exists,GlobalCall,SetupManagedProperties
08/27/2015 13:46:24,message,Adding Managed PropertyEFPolicyExpiryDateMultiRefOWSDATE of type Text,GlobalCall,SetupManagedProperties
08/27/2015 13:46:24,message,Add multiple crawled property mappings to 'EFPolicyExpiryDateMultiRefOWSDATE' of type Text successfully,GlobalCall,SetupManagedProperties
08/27/2015 13:46:24,message,Added Managed PropertyEFPolicyExpiryDateMultiRefOWSDATE of type Text successfully,GlobalCall,SetupManagedProperties
08/27/2015 13:46:24,message,RemoveEFBrokerNameMultiRefOWSTEXT 'Managed Properties' if it already exists,GlobalCall,SetupManagedProperties
08/27/2015 13:46:24,message,Adding Managed PropertyEFBrokerNameMultiRefOWSTEXT of type Text,GlobalCall,SetupManagedProperties
08/27/2015 13:46:24,message,Add multiple crawled property mappings to 'EFBrokerNameMultiRefOWSTEXT' of type Text successfully,GlobalCall,SetupManagedProperties
08/27/2015 13:46:25,error,Cannot bind argument to parameter 'CrawledProperty' because it is null.,On CreateManagedPropertiesEFBrokerNameMultiRefOWSTEXT,SetupManagedProperties
08/27/2015 13:46:25,message,RemoveEFProductMultiRefOWSTEXT 'Managed Properties' if it already exists,GlobalCall,SetupManagedProperties
08/27/2015 13:46:25,message,Adding Managed PropertyEFProductMultiRefOWSTEXT of type Text,GlobalCall,SetupManagedProperties
08/27/2015 13:46:25,message,Add multiple crawled property mappings to 'EFProductMultiRefOWSTEXT' of type Text successfully,GlobalCall,SetupManagedProperties
08/27/2015 13:46:25,message,Added Managed PropertyEFProductMultiRefOWSTEXT of type Text successfully,GlobalCall,SetupManagedProperties
08/27/2015 13:46:25,message,RemoveEFUnderwriterMultiRefOWSUSER 'Managed Properties' if it already exists,GlobalCall,SetupManagedProperties
08/27/2015 13:46:25,message,Adding Managed PropertyEFUnderwriterMultiRefOWSUSER of type Text,GlobalCall,SetupManagedProperties
08/27/2015 13:46:25,message,Add multiple crawled property mappings to 'EFUnderwriterMultiRefOWSUSER' of type Text successfully,GlobalCall,SetupManagedProperties
08/27/2015 13:46:26,message,Added Managed PropertyEFUnderwriterMultiRefOWSUSER of type Text successfully,GlobalCall,SetupManagedProperties
08/27/2015 13:46:26,message,RemoveEFUnderwritingAssistantMultiRefOWSUSER 'Managed Properties' if it already exists,GlobalCall,SetupManagedProperties
08/27/2015 13:46:26,message,Adding Managed PropertyEFUnderwritingAssistantMultiRefOWSUSER of type Text,GlobalCall,SetupManagedProperties
08/27/2015 13:46:26,message,Add multiple crawled property mappings to 'EFUnderwritingAssistantMultiRefOWSUSER' of type Text successfully,GlobalCall,SetupManagedProperties
08/27/2015 13:46:26,message,Added Managed PropertyEFUnderwritingAssistantMultiRefOWSUSER of type Text successfully,GlobalCall,SetupManagedProperties
08/27/2015 13:46:26,message,RemoveEFMasterStatusMultiRefOWSTEXT 'Managed Properties' if it already exists,GlobalCall,SetupManagedProperties
08/27/2015 13:46:27,message,Adding Managed PropertyEFMasterStatusMultiRefOWSTEXT of type Text,GlobalCall,SetupManagedProperties
08/27/2015 13:46:27,message,Add multiple crawled property mappings to 'EFMasterStatusMultiRefOWSTEXT' of type Text successfully,GlobalCall,SetupManagedProperties
08/27/2015 13:46:27,message,Added Managed PropertyEFMasterStatusMultiRefOWSTEXT of type Text successfully,GlobalCall,SetupManagedProperties
08/27/2015 13:46:27,message,RemoveEFUWStageMultiRefOWSCHCS 'Managed Properties' if it already exists,GlobalCall,SetupManagedProperties
08/27/2015 13:46:27,message,Adding Managed PropertyEFUWStageMultiRefOWSCHCS of type Text,GlobalCall,SetupManagedProperties
08/27/2015 13:46:28,message,Add multiple crawled property mappings to 'EFUWStageMultiRefOWSCHCS' of type Text successfully,GlobalCall,SetupManagedProperties
08/27/2015 13:46:28,message,Added Managed PropertyEFUWStageMultiRefOWSCHCS of type Text successfully,GlobalCall,SetupManagedProperties
08/27/2015 13:46:28,message,RemoveEFUnderwriterOWSTEXT 'Managed Properties' if it already exists,GlobalCall,SetupManagedProperties
08/27/2015 13:46:28,message,Adding Managed PropertyEFUnderwriterOWSTEXT of type Text,GlobalCall,SetupManagedProperties
08/27/2015 13:46:28,message,Add multiple crawled property mappings to 'EFUnderwriterOWSTEXT' of type Text successfully,GlobalCall,SetupManagedProperties
08/27/2015 13:46:29,message,Added Managed PropertyEFUnderwriterOWSTEXT of type Text successfully,GlobalCall,SetupManagedProperties
08/27/2015 13:46:29,message,RemoveEFUnderwriterMultiRefOWSTEXT 'Managed Properties' if it already exists,GlobalCall,SetupManagedProperties
08/27/2015 13:46:29,message,Adding Managed PropertyEFUnderwriterMultiRefOWSTEXT of type Text,GlobalCall,SetupManagedProperties
08/27/2015 13:46:29,message,Add multiple crawled property mappings to 'EFUnderwriterMultiRefOWSTEXT' of type Text successfully,GlobalCall,SetupManagedProperties
08/27/2015 13:46:29,message,Added Managed PropertyEFUnderwriterMultiRefOWSTEXT of type Text successfully,GlobalCall,SetupManagedProperties
08/27/2015 13:46:29,message,RemoveEFUnderwritingAssistantOWSTEXT 'Managed Properties' if it already exists,GlobalCall,SetupManagedProperties
08/27/2015 13:46:30,message,Adding Managed PropertyEFUnderwritingAssistantOWSTEXT of type Text,GlobalCall,SetupManagedProperties
08/27/2015 13:46:30,message,Add multiple crawled property mappings to 'EFUnderwritingAssistantOWSTEXT' of type Text successfully,GlobalCall,SetupManagedProperties
08/27/2015 13:46:30,message,Added Managed PropertyEFUnderwritingAssistantOWSTEXT of type Text successfully,GlobalCall,SetupManagedProperties
08/27/2015 13:46:30,message,RemoveEFUnderwritingAssistantMultiRefOWSTEXT 'Managed Properties' if it already exists,GlobalCall,SetupManagedProperties
08/27/2015 13:46:30,message,Adding Managed PropertyEFUnderwritingAssistantMultiRefOWSTEXT of type Text,GlobalCall,SetupManagedProperties
08/27/2015 13:46:30,message,Add multiple crawled property mappings to 'EFUnderwritingAssistantMultiRefOWSTEXT' of type Text successfully,GlobalCall,SetupManagedProperties
08/27/2015 13:46:31,message,Added Managed PropertyEFUnderwritingAssistantMultiRefOWSTEXT of type Text successfully,GlobalCall,SetupManagedProperties
08/27/2015 13:46:31,message,RemoveEFQuoteNumberMultiRefOWSTEXT 'Managed Properties' if it already exists,GlobalCall,SetupManagedProperties
08/27/2015 13:46:31,message,Adding Managed PropertyEFQuoteNumberMultiRefOWSTEXT of type Text,GlobalCall,SetupManagedProperties
08/27/2015 13:46:31,message,Add multiple crawled property mappings to 'EFQuoteNumberMultiRefOWSTEXT' of type Text successfully,GlobalCall,SetupManagedProperties
08/27/2015 13:46:31,message,Added Managed PropertyEFQuoteNumberMultiRefOWSTEXT of type Text successfully,GlobalCall,SetupManagedProperties
08/27/2015 13:46:31,message,RemoveEFBatchNumberMultiRefOWSTEXT 'Managed Properties' if it already exists,GlobalCall,SetupManagedProperties
08/27/2015 13:46:31,message,Adding Managed PropertyEFBatchNumberMultiRefOWSTEXT of type Text,GlobalCall,SetupManagedProperties
08/27/2015 13:46:31,message,Add multiple crawled property mappings to 'EFBatchNumberMultiRefOWSTEXT' of type Text successfully,GlobalCall,SetupManagedProperties
08/27/2015 13:46:31,message,Added Managed PropertyEFBatchNumberMultiRefOWSTEXT of type Text successfully,GlobalCall,SetupManagedProperties
08/27/2015 13:46:31,message,RemoveEFProposalNumberMultiRefOWSTEXT 'Managed Properties' if it already exists,GlobalCall,SetupManagedProperties
08/27/2015 13:46:32,message,Adding Managed PropertyEFProposalNumberMultiRefOWSTEXT of type Text,GlobalCall,SetupManagedProperties
08/27/2015 13:46:32,message,Add multiple crawled property mappings to 'EFProposalNumberMultiRefOWSTEXT' of type Text successfully,GlobalCall,SetupManagedProperties
08/27/2015 13:46:32,message,Added Managed PropertyEFProposalNumberMultiRefOWSTEXT of type Text successfully,GlobalCall,SetupManagedProperties
08/27/2015 13:46:32,message,RemoveEFDCNNumberMultiRefOWSTEXT 'Managed Properties' if it already exists,GlobalCall,SetupManagedProperties
08/27/2015 13:46:32,message,Adding Managed PropertyEFDCNNumberMultiRefOWSTEXT of type Text,GlobalCall,SetupManagedProperties
08/27/2015 13:46:32,message,Add multiple crawled property mappings to 'EFDCNNumberMultiRefOWSTEXT' of type Text successfully,GlobalCall,SetupManagedProperties
08/27/2015 13:46:32,message,Added Managed PropertyEFDCNNumberMultiRefOWSTEXT of type Text successfully,GlobalCall,SetupManagedProperties
08/27/2015 13:46:32,message,RemoveEFSMNameMultiRefOWSTEXT 'Managed Properties' if it already exists,GlobalCall,SetupManagedProperties
08/27/2015 13:46:32,message,Adding Managed PropertyEFSMNameMultiRefOWSTEXT of type Text,GlobalCall,SetupManagedProperties
08/27/2015 13:46:33,message,Add multiple crawled property mappings to 'EFSMNameMultiRefOWSTEXT' of type Text successfully,GlobalCall,SetupManagedProperties
08/27/2015 13:46:33,message,Added Managed PropertyEFSMNameMultiRefOWSTEXT of type Text successfully,GlobalCall,SetupManagedProperties
08/27/2015 13:46:33,message,RemoveEFSMCodeMultiRefOWSTEXT 'Managed Properties' if it already exists,GlobalCall,SetupManagedProperties
08/27/2015 13:46:33,message,Adding Managed PropertyEFSMCodeMultiRefOWSTEXT of type Text,GlobalCall,SetupManagedProperties
08/27/2015 13:46:33,message,Add multiple crawled property mappings to 'EFSMCodeMultiRefOWSTEXT' of type Text successfully,GlobalCall,SetupManagedProperties
08/27/2015 13:46:33,message,Added Managed PropertyEFSMCodeMultiRefOWSTEXT of type Text successfully,GlobalCall,SetupManagedProperties
08/27/2015 13:46:33,message,RemoveEFIntermediaryNameMultiRefOWSTEXT 'Managed Properties' if it already exists,GlobalCall,SetupManagedProperties
08/27/2015 13:46:33,message,Adding Managed PropertyEFIntermediaryNameMultiRefOWSTEXT of type Text,GlobalCall,SetupManagedProperties
08/27/2015 13:46:33,message,Add multiple crawled property mappings to 'EFIntermediaryNameMultiRefOWSTEXT' of type Text successfully,GlobalCall,SetupManagedProperties
08/27/2015 13:46:34,message,Added Managed PropertyEFIntermediaryNameMultiRefOWSTEXT of type Text successfully,GlobalCall,SetupManagedProperties
08/27/2015 13:46:34,message,RemoveEFIntermediaryCodeMultiRefOWSTEXT 'Managed Properties' if it already exists,GlobalCall,SetupManagedProperties
08/27/2015 13:46:34,message,Adding Managed PropertyEFIntermediaryCodeMultiRefOWSTEXT of type Text,GlobalCall,SetupManagedProperties
08/27/2015 13:46:34,message,Add multiple crawled property mappings to 'EFIntermediaryCodeMultiRefOWSTEXT' of type Text successfully,GlobalCall,SetupManagedProperties
08/27/2015 13:46:34,message,Added Managed PropertyEFIntermediaryCodeMultiRefOWSTEXT of type Text successfully,GlobalCall,SetupManagedProperties
08/27/2015 13:46:34,message,RemoveEFSpotlightUsersOWSUSER 'Managed Properties' if it already exists,GlobalCall,SetupManagedProperties
08/27/2015 13:46:34,message,Adding Managed PropertyEFSpotlightUsersOWSUSER of type Text,GlobalCall,SetupManagedProperties
08/27/2015 13:46:35,message,Add multiple crawled property mappings to 'EFSpotlightUsersOWSUSER' of type Text successfully,GlobalCall,SetupManagedProperties
08/27/2015 13:46:35,message,Added Managed PropertyEFSpotlightUsersOWSUSER of type Text successfully,GlobalCall,SetupManagedProperties
08/27/2015 13:46:35,message,Setup Crawl and Managed properties- Completed,GlobalCall,SetupManagedProperties
08/27/2015 13:46:41,message,Input xml path got :E:\LVGI_ECMCode\Part III\PS Scripts\PS Scripts\Search\CreateResultSources.xml,CreateResultSources,CreateResultSources
