<?xml version="1.0" encoding="utf-8"?>
<SearchProperties ssaName="Search Service Application">
  <CrawledProperties>
    <CrawledProperty Name="ows_q_TEXT_EFPolicyNumber" Category="SharePoint" Propset="ed280121-b677-4e2a-8fbc-0d9e2325b0a2" Type="Text"/>
    <CrawledProperty Name="ows_q_TEXT_EFPreviousPolicyNumber" Category="SharePoint" Propset="ed280121-b677-4e2a-8fbc-0d9e2325b0a2" Type="Text"/>
    <CrawledProperty Name="ows_q_TEXT_EFCountry" Category="SharePoint" Propset="ed280121-b677-4e2a-8fbc-0d9e2325b0a2" Type="Text"/>
    <CrawledProperty Name="ows_q_TEXT_EFSourceSystemName" Category="SharePoint" Propset="ed280121-b677-4e2a-8fbc-0d9e2325b0a2" Type="Text"/>
    <CrawledProperty Name="ows_q_TEXT_EFZone" Category="SharePoint" Propset="ed280121-b677-4e2a-8fbc-0d9e2325b0a2" Type="Text"/>
    <CrawledProperty Name="ows_q_TEXT_EFSubject" Category="SharePoint" Propset="ed280121-b677-4e2a-8fbc-0d9e2325b0a2" Type="Text"/>
    <CrawledProperty Name="ows_q_TEXT_EFFunction" Category="SharePoint" Propset="ed280121-b677-4e2a-8fbc-0d9e2325b0a2" Type="Text"/>
    <CrawledProperty Name="ows_q_TEXT_EFBranchName" Category="SharePoint" Propset="ed280121-b677-4e2a-8fbc-0d9e2325b0a2" Type="Text"/>
    <CrawledProperty Name="ows_q_TEXT_EFBranchCode" Category="SharePoint" Propset="ed280121-b677-4e2a-8fbc-0d9e2325b0a2" Type="Text"/>
    <CrawledProperty Name="ows_q_TEXT_EFCompany" Category="SharePoint" Propset="ed280121-b677-4e2a-8fbc-0d9e2325b0a2" Type="Text"/>
    <CrawledProperty Name="ows_q_TEXT_EFLOB" Category="SharePoint" Propset="ed280121-b677-4e2a-8fbc-0d9e2325b0a2" Type="Text"/>
    <CrawledProperty Name="ows_q_TEXT_EFRiskLocation" Category="SharePoint" Propset="ed280121-b677-4e2a-8fbc-0d9e2325b0a2" Type="Text"/>
    <CrawledProperty Name="ows_q_TEXT_EFQuoteNumber" Category="SharePoint" Propset="ed280121-b677-4e2a-8fbc-0d9e2325b0a2" Type="Text"/>
    <CrawledProperty Name="ows_q_TEXT_EFBatchNumber" Category="SharePoint" Propset="ed280121-b677-4e2a-8fbc-0d9e2325b0a2" Type="Text"/>
    <CrawledProperty Name="ows_q_TEXT_EFCaseId" Category="SharePoint" Propset="ed280121-b677-4e2a-8fbc-0d9e2325b0a2" Type="Text"/>
    <CrawledProperty Name="ows_q_TEXT_EFSMName" Category="SharePoint" Propset="ed280121-b677-4e2a-8fbc-0d9e2325b0a2" Type="Text"/>
    <CrawledProperty Name="ows_q_TEXT_EFSMCode" Category="SharePoint" Propset="ed280121-b677-4e2a-8fbc-0d9e2325b0a2" Type="Text"/>
    <CrawledProperty Name="ows_q_TEXT_EFPolicyYear" Category="SharePoint" Propset="ed280121-b677-4e2a-8fbc-0d9e2325b0a2" Type="Text"/>
    <CrawledProperty Name="ows_q_DATE_EFPolicyInceptionDate" Category="SharePoint" Propset="ed280121-b677-4e2a-8fbc-0d9e2325b0a2" Type="DateTime"/>
    <CrawledProperty Name="ows_q_DATE_EFPolicyExpiryDate" Category="SharePoint" Propset="ed280121-b677-4e2a-8fbc-0d9e2325b0a2" Type="DateTime"/>
    <CrawledProperty Name="ows_q_USER_EFUnderwriter" Category="SharePoint" Propset="ed280121-b677-4e2a-8fbc-0d9e2325b0a2" Type="Text"/>
    <CrawledProperty Name="ows_q_TEXT_EFInsuredName" Category="SharePoint" Propset="ed280121-b677-4e2a-8fbc-0d9e2325b0a2" Type="Text"/>
    <CrawledProperty Name="ows_q_TEXT_EFInsuredCode" Category="SharePoint" Propset="ed280121-b677-4e2a-8fbc-0d9e2325b0a2" Type="Text"/>
    <CrawledProperty Name="ows_q_TEXT_EFIntermediaryName" Category="SharePoint" Propset="ed280121-b677-4e2a-8fbc-0d9e2325b0a2" Type="Text"/>
    <CrawledProperty Name="ows_q_TEXT_EFIntermediaryCode" Category="SharePoint" Propset="ed280121-b677-4e2a-8fbc-0d9e2325b0a2" Type="Text"/>
    <CrawledProperty Name="ows_q_TEXT_EFProduct" Category="SharePoint" Propset="ed280121-b677-4e2a-8fbc-0d9e2325b0a2" Type="Text"/>
    <CrawledProperty Name="ows_q_USER_EFUnderwritingAssistant" Category="SharePoint" Propset="ed280121-b677-4e2a-8fbc-0d9e2325b0a2" Type="Text"/>
    <CrawledProperty Name="ows_q_TEXT_EFMasterStatus" Category="SharePoint" Propset="ed280121-b677-4e2a-8fbc-0d9e2325b0a2" Type="Text"/>
    <CrawledProperty Name="ows_q_CHCS_EFIsSpotlight" Category="SharePoint" Propset="ed280121-b677-4e2a-8fbc-0d9e2325b0a2" Type="Text"/>
    <CrawledProperty Name="ows_q_CHCS_EFIsConfidential" Category="SharePoint" Propset="ed280121-b677-4e2a-8fbc-0d9e2325b0a2" Type="Text"/>
    <CrawledProperty Name="ows_q_CHCS_EFeFileCategory" Category="SharePoint" Propset="ed280121-b677-4e2a-8fbc-0d9e2325b0a2" Type="Text"/>
    <CrawledProperty Name="ows_q_CHCS_EFUWStage" Category="SharePoint" Propset="ed280121-b677-4e2a-8fbc-0d9e2325b0a2" Type="Text"/>
    <CrawledProperty Name="ows_q_CHCS_EFeFileDocumentGroup" Category="SharePoint" Propset="ed280121-b677-4e2a-8fbc-0d9e2325b0a2" Type="Text"/>
    <CrawledProperty Name="ows_q_CHCS_EFeFileDocumentType" Category="SharePoint" Propset="ed280121-b677-4e2a-8fbc-0d9e2325b0a2" Type="Text"/>
    <CrawledProperty Name="ows_q_CHCS_EFDocumentStatus" Category="SharePoint" Propset="ed280121-b677-4e2a-8fbc-0d9e2325b0a2" Type="Text"/>
    <CrawledProperty Name="ows_q_TEXT_EFDocumentTitle" Category="SharePoint" Propset="ed280121-b677-4e2a-8fbc-0d9e2325b0a2" Type="Text"/>
    <CrawledProperty Name="ows_q_DATE_EFEmailDate" Category="SharePoint" Propset="ed280121-b677-4e2a-8fbc-0d9e2325b0a2" Type="DateTime"/>
    <CrawledProperty Name="ows_q_TEXT_EFEmailTo" Category="SharePoint" Propset="ed280121-b677-4e2a-8fbc-0d9e2325b0a2" Type="Text"/>
    <CrawledProperty Name="ows_q_TEXT_EFEmailFrom" Category="SharePoint" Propset="ed280121-b677-4e2a-8fbc-0d9e2325b0a2" Type="Text"/>
    <CrawledProperty Name="ows_q_TEXT_EFEmailCC" Category="SharePoint" Propset="ed280121-b677-4e2a-8fbc-0d9e2325b0a2" Type="Text"/>
    <CrawledProperty Name="ows_EFUnderwriter" Category="SharePoint" Propset="ed280121-b677-4e2a-8fbc-0d9e2325b0a2" Type="Text"/>
    <CrawledProperty Name="ows_EFUnderwritingAssistant" Category="SharePoint" Propset="ed280121-b677-4e2a-8fbc-0d9e2325b0a2" Type="Text"/>
    <CrawledProperty Name="ows_q_TEXT_EFSpotlightUsers" Category="SharePoint" Propset="ed280121-b677-4e2a-8fbc-0d9e2325b0a2" Type="Text"/>
    <CrawledProperty Name="ows_q_USER_EFSpotlightUsers" Category="SharePoint" Propset="ed280121-b677-4e2a-8fbc-0d9e2325b0a2" Type="Text"/>
  </CrawledProperties>

  <ManagedProperties>
    <ManagedProperty Name="EFEfileNumberOWSTEXT" Type="Text" Searchable="Yes" Queryable="Yes" Retrievabale="Yes" Multiple="Yes" Refinable="Yes" Sortable="Yes" >
      <CrawledProperty Category="SharePoint">ows_q_TEXT_EFPolicyNumber</CrawledProperty>
      <CrawledProperty Category="SharePoint">ows_q_TEXT_EFCaseId</CrawledProperty>
      <CrawledProperty Category="SharePoint">ows_q_TEXT_EFPreviousPolicyNumber</CrawledProperty>
    </ManagedProperty>
    <ManagedProperty Name="EFCountryOWSTEXT" Type="Text" Searchable="Yes" Queryable="Yes" Retrievabale="Yes" Multiple="Yes" Refinable="Yes" Sortable="Yes" >
      <CrawledProperty Category="SharePoint">ows_q_TEXT_EFCountry</CrawledProperty>
    </ManagedProperty>
    <ManagedProperty Name="EFSourceSystemNameOWSTEXT" Type="Text" Searchable="Yes" Queryable="Yes" Retrievabale="Yes" Multiple="Yes" Refinable="Yes" Sortable="Yes" >
      <CrawledProperty Category="SharePoint">ows_q_TEXT_EFSourceSystemName</CrawledProperty>
    </ManagedProperty>
    <ManagedProperty Name="EFZoneOWSTEXT" Type="Text" Searchable="Yes" Queryable="Yes" Retrievabale="Yes" Multiple="Yes" Refinable="Yes" Sortable="Yes" >
      <CrawledProperty Category="SharePoint">ows_q_TEXT_EFZone</CrawledProperty>
    </ManagedProperty>
    <ManagedProperty Name="EFSubjectOWSTEXT" Type="Text" Searchable="Yes" Queryable="Yes" Retrievabale="Yes" Multiple="Yes" Refinable="Yes" Sortable="Yes" >
      <CrawledProperty Category="SharePoint">ows_q_TEXT_EFSubject</CrawledProperty>
    </ManagedProperty>
    <ManagedProperty Name="EFFunctionOWSTEXT" Type="Text" Searchable="Yes" Queryable="Yes" Retrievabale="Yes" Multiple="Yes" Refinable="Yes" Sortable="Yes" >
      <CrawledProperty Category="SharePoint">ows_q_TEXT_EFFunction</CrawledProperty>
    </ManagedProperty>
    <ManagedProperty Name="EFBranchNameOWSTEXT" Type="Text" Searchable="Yes" Queryable="Yes" Retrievabale="Yes" Multiple="Yes" Refinable="Yes" Sortable="Yes" >
      <CrawledProperty Category="SharePoint">ows_q_TEXT_EFBranchName</CrawledProperty>
    </ManagedProperty>
    <ManagedProperty Name="EFBranchCodeOWSTEXT" Type="Text" Searchable="Yes" Queryable="Yes" Retrievabale="Yes" Multiple="Yes" Refinable="Yes" Sortable="Yes" >
      <CrawledProperty Category="SharePoint">ows_q_TEXT_EFBranchCode</CrawledProperty>
    </ManagedProperty>
    <ManagedProperty Name="EFCompanyOWSTEXT" Type="Text" Searchable="Yes" Queryable="Yes" Retrievabale="Yes" Multiple="Yes" Refinable="Yes" Sortable="Yes" >
      <CrawledProperty Category="SharePoint">ows_q_TEXT_EFCompany</CrawledProperty>
    </ManagedProperty>
    <ManagedProperty Name="EFLOBOWSTEXT" Type="Text" Searchable="Yes" Queryable="Yes" Retrievabale="Yes" Multiple="Yes" Refinable="Yes" Sortable="Yes" >
      <CrawledProperty Category="SharePoint">ows_q_TEXT_EFLOB</CrawledProperty>
    </ManagedProperty>
    <ManagedProperty Name="EFRiskLocationOWSTEXT" Type="Text" Searchable="Yes" Queryable="Yes" Retrievabale="Yes" Multiple="Yes" Refinable="Yes" Sortable="Yes" >
      <CrawledProperty Category="SharePoint">ows_q_TEXT_EFRiskLocation</CrawledProperty>
    </ManagedProperty>
   <ManagedProperty Name="EFQuoteNumberOWSTEXT" Type="Text" Searchable="Yes" Queryable="Yes" Retrievabale="Yes" Multiple="Yes" Refinable="Yes" Sortable="Yes" >
      <CrawledProperty Category="SharePoint">ows_q_TEXT_EFQuoteNumber</CrawledProperty>
    </ManagedProperty>
    <ManagedProperty Name="EFBatchNumberOWSTEXT" Type="Text" Searchable="Yes" Queryable="Yes" Retrievabale="Yes" Multiple="Yes" Refinable="Yes" Sortable="Yes" >
      <CrawledProperty Category="SharePoint">ows_q_TEXT_EFBatchNumber</CrawledProperty>
    </ManagedProperty>
    <ManagedProperty Name="EFCaseIdOWSTEXT" Type="Text" Searchable="Yes" Queryable="Yes" Retrievabale="Yes" Multiple="Yes" Refinable="Yes" Sortable="Yes" >
      <CrawledProperty Category="SharePoint">ows_q_TEXT_EFCaseId</CrawledProperty>
    </ManagedProperty>
    <ManagedProperty Name="EFSMNameOWSTEXT" Type="Text" Searchable="Yes" Queryable="Yes" Retrievabale="Yes" Multiple="Yes" Refinable="Yes" Sortable="Yes" >
      <CrawledProperty Category="SharePoint">ows_q_TEXT_EFSMName</CrawledProperty>
    </ManagedProperty>
    <ManagedProperty Name="EFSMCodeOWSTEXT" Type="Text" Searchable="Yes" Queryable="Yes" Retrievabale="Yes" Multiple="Yes" Refinable="Yes" Sortable="Yes" >
      <CrawledProperty Category="SharePoint">ows_q_TEXT_EFSMCode</CrawledProperty>
    </ManagedProperty>
    <ManagedProperty Name="EFPolicyNumberOWSTEXT" Type="Text" Searchable="Yes" Queryable="Yes" Retrievabale="Yes" Multiple="Yes" Refinable="Yes" Sortable="Yes" >
      <CrawledProperty Category="SharePoint">ows_q_TEXT_EFPolicyNumber</CrawledProperty>
    </ManagedProperty>
    <ManagedProperty Name="EFPreviousPolicyNumberOWSTEXT" Type="Text" Searchable="Yes" Queryable="Yes" Retrievabale="Yes" Multiple="Yes" Refinable="Yes" Sortable="Yes" >
      <CrawledProperty Category="SharePoint">ows_q_TEXT_EFPreviousPolicyNumber</CrawledProperty>
    </ManagedProperty>
    <ManagedProperty Name="EFPolicyYearOWSTEXT" Type="Text" Searchable="Yes" Queryable="Yes" Retrievabale="Yes" Multiple="Yes" Refinable="Yes" Sortable="Yes" >
      <CrawledProperty Category="SharePoint">ows_q_TEXT_EFPolicyYear</CrawledProperty>
    </ManagedProperty>
    <ManagedProperty Name="EFPolicyInceptionDateOWSDATE" Type="Text" Searchable="Yes" Queryable="Yes" Retrievabale="Yes" Multiple="Yes" Refinable="Yes" Sortable="Yes" >
      <CrawledProperty Category="SharePoint">ows_q_DATE_EFPolicyInceptionDate</CrawledProperty>
    </ManagedProperty>
    <ManagedProperty Name="EFPolicyExpiryDateOWSDATE" Type="Text" Searchable="Yes" Queryable="Yes" Retrievabale="Yes" Multiple="Yes" Refinable="Yes" Sortable="Yes" >
      <CrawledProperty Category="SharePoint">ows_q_DATE_EFPolicyExpiryDate</CrawledProperty>
    </ManagedProperty>
    <ManagedProperty Name="EFUnderwriterOWSUSER" Type="Text" Searchable="Yes" Queryable="Yes" Retrievabale="Yes" Multiple="Yes" Refinable="Yes" Sortable="Yes" >
      <CrawledProperty Category="SharePoint">ows_q_USER_EFUnderwriter</CrawledProperty>
    </ManagedProperty>
    <ManagedProperty Name="EFInsuredNameOWSTEXT" Type="Text" Searchable="Yes" Queryable="Yes" Retrievabale="Yes" Multiple="Yes" Refinable="Yes" Sortable="Yes" >
      <CrawledProperty Category="SharePoint">ows_q_TEXT_EFInsuredName</CrawledProperty>
    </ManagedProperty>  
    <ManagedProperty Name="EFInsuredCodeOWSTEXT" Type="Text" Searchable="Yes" Queryable="Yes" Retrievabale="Yes" Multiple="Yes" Refinable="Yes" Sortable="Yes" >
      <CrawledProperty Category="SharePoint">ows_q_TEXT_EFInsuredCode</CrawledProperty>
    </ManagedProperty>
    <ManagedProperty Name="EFIntermediaryNameOWSTEXT" Type="Text" Searchable="Yes" Queryable="Yes" Retrievabale="Yes" Multiple="Yes" Refinable="Yes" Sortable="Yes" >
      <CrawledProperty Category="SharePoint">ows_q_TEXT_EFIntermediaryName</CrawledProperty>
    </ManagedProperty>
    <ManagedProperty Name="EFIntermediaryCodeOWSTEXT" Type="Text" Searchable="Yes" Queryable="Yes" Retrievabale="Yes" Multiple="Yes" Refinable="Yes" Sortable="Yes" >
      <CrawledProperty Category="SharePoint">ows_q_TEXT_EFIntermediaryCode</CrawledProperty>
    </ManagedProperty>
    <ManagedProperty Name="EFProductOWSTEXT" Type="Text" Searchable="Yes" Queryable="Yes" Retrievabale="Yes" Multiple="Yes" Refinable="Yes" Sortable="Yes" >
      <CrawledProperty Category="SharePoint">ows_q_TEXT_EFProduct</CrawledProperty>
    </ManagedProperty>
    <ManagedProperty Name="EFUnderwritingAssistantOWSUSER" Type="Text" Searchable="Yes" Queryable="Yes" Retrievabale="Yes" Multiple="Yes" Refinable="Yes" Sortable="Yes" >
      <CrawledProperty Category="SharePoint">ows_q_USER_EFUnderwritingAssistant</CrawledProperty>
    </ManagedProperty>
    <ManagedProperty Name="EFMasterStatusOWSTEXT" Type="Text" Searchable="Yes" Queryable="Yes" Retrievabale="Yes" Multiple="Yes" Refinable="Yes" Sortable="Yes" >
      <CrawledProperty Category="SharePoint">ows_q_TEXT_EFMasterStatus</CrawledProperty>
    </ManagedProperty>   
    <ManagedProperty Name="EFIsConfidentialOWSBOOL" Type="Text" Searchable="Yes" Queryable="Yes" Retrievabale="Yes" Multiple="Yes" Refinable="Yes" Sortable="Yes" >
      <CrawledProperty Category="SharePoint">ows_q_CHCS_EFIsConfidential</CrawledProperty>
    </ManagedProperty>
    <ManagedProperty Name="EFIsSpotlightOWSBOOL" Type="Text" Searchable="Yes" Queryable="Yes" Retrievabale="Yes" Multiple="Yes" Refinable="Yes" Sortable="Yes" >
      <CrawledProperty Category="SharePoint">ows_q_CHCS_EFIsSpotlight</CrawledProperty>
    </ManagedProperty>    
    <ManagedProperty Name="EFeFileCategoryOWSCHCS" Type="Text" Searchable="Yes" Queryable="Yes" Retrievabale="Yes" Multiple="Yes" Refinable="Yes" Sortable="Yes" >
      <CrawledProperty Category="SharePoint">ows_q_CHCS_EFeFileCategory</CrawledProperty>
    </ManagedProperty>
    <ManagedProperty Name="EFUWStageOWSCHCS" Type="Text" Searchable="Yes" Queryable="Yes" Retrievabale="Yes" Multiple="Yes" Refinable="Yes" Sortable="Yes" >
      <CrawledProperty Category="SharePoint">ows_q_CHCS_EFUWStage</CrawledProperty>
    </ManagedProperty>
    <ManagedProperty Name="EFDocumentGroupOWSTAXID" Type="Text" Searchable="Yes" Queryable="Yes" Retrievabale="Yes" Multiple="Yes" Refinable="Yes" Sortable="Yes" >
      <CrawledProperty Category="SharePoint">ows_q_CHCS_EFeFileDocumentGroup</CrawledProperty>
    </ManagedProperty>
    <ManagedProperty Name="EFDocumentTypeOWSTAXID" Type="Text" Searchable="Yes" Queryable="Yes" Retrievabale="Yes" Multiple="Yes" Refinable="Yes" Sortable="Yes" >
      <CrawledProperty Category="SharePoint">ows_q_CHCS_EFeFileDocumentType</CrawledProperty>
    </ManagedProperty>
    <ManagedProperty Name="EFDocumentStatusOWSCHCS" Type="Text" Searchable="Yes" Queryable="Yes" Retrievabale="Yes" Multiple="Yes" Refinable="Yes" Sortable="Yes" >
      <CrawledProperty Category="SharePoint">ows_q_CHCS_EFDocumentStatus</CrawledProperty>
    </ManagedProperty>
    <ManagedProperty Name="EFDocumentTitleOWSTEXT" Type="Text" Searchable="Yes" Queryable="Yes" Retrievabale="Yes" Multiple="Yes" Refinable="Yes" Sortable="Yes" >
      <CrawledProperty Category="SharePoint">ows_q_TEXT_EFDocumentTitle</CrawledProperty>
    </ManagedProperty>
    <ManagedProperty Name="EFEmailDateOWSTEXT" Type="Text" Searchable="Yes" Queryable="Yes" Retrievabale="Yes" Multiple="Yes" Refinable="Yes" Sortable="Yes" >
      <CrawledProperty Category="SharePoint">ows_q_DATE_EFEmailDate</CrawledProperty>
    </ManagedProperty>
    <ManagedProperty Name="EFEmailToOWSTEXT" Type="Text" Searchable="Yes" Queryable="Yes" Retrievabale="Yes" Multiple="Yes" Refinable="Yes" Sortable="Yes" >
      <CrawledProperty Category="SharePoint">ows_q_TEXT_EFEmailTo</CrawledProperty>
    </ManagedProperty>
    <ManagedProperty Name="EFEmailFromOWSTEXT" Type="Text" Searchable="Yes" Queryable="Yes" Retrievabale="Yes" Multiple="Yes" Refinable="Yes" Sortable="Yes" >
      <CrawledProperty Category="SharePoint">ows_q_TEXT_EFEmailFrom</CrawledProperty>
    </ManagedProperty>
    <ManagedProperty Name="EFEmailCCOWSTEXT" Type="Text" Searchable="Yes" Queryable="Yes" Retrievabale="Yes" Multiple="Yes" Refinable="Yes" Sortable="Yes" >
      <CrawledProperty Category="SharePoint">ows_q_TEXT_EFEmailCC</CrawledProperty>
    </ManagedProperty>

    <ManagedProperty Name="EFPolicyInceptionDateRefOWSDATE" Type="DateTime" Searchable="Yes" Queryable="Yes" Retrievabale="Yes" Multiple="No" Refinable="Yes" Sortable="Yes" >
      <CrawledProperty Category="SharePoint">ows_q_DATE_EFPolicyInceptionDate</CrawledProperty>
    </ManagedProperty>
    
    <ManagedProperty Name="EFPolicyExpiryDateRefOWSDATE" Type="DateTime" Searchable="Yes" Queryable="Yes" Retrievabale="Yes" Multiple="No" Refinable="Yes" Sortable="Yes" >
      <CrawledProperty Category="SharePoint">ows_q_DATE_EFPolicyExpiryDate</CrawledProperty>
    </ManagedProperty>
    
    <ManagedProperty Name="EFEmailDateOWSTEXT2" Type="DateTime" Searchable="Yes" Queryable="Yes" Retrievabale="Yes" Multiple="Yes" Refinable="Yes" Sortable="Yes" >
      <CrawledProperty Category="SharePoint">ows_q_DATE_EFEmailDate</CrawledProperty>
    </ManagedProperty>
    
    <ManagedProperty Name="EFPolicyInceptionDateMultiRefOWSDATE" Type="Text" Searchable="Yes" Queryable="Yes" Retrievabale="Yes" Multiple="Yes" Refinable="Yes" Sortable="Yes" >
      <CrawledProperty Category="SharePoint">ows_q_DATE_EFPolicyInceptionDate</CrawledProperty>
    </ManagedProperty>
    
    <ManagedProperty Name="EFPolicyExpiryDateMultiRefOWSDATE" Type="Text" Searchable="Yes" Queryable="Yes" Retrievabale="Yes" Multiple="Yes" Refinable="Yes" Sortable="Yes" >
      <CrawledProperty Category="SharePoint">ows_q_DATE_EFPolicyExpiryDate</CrawledProperty>
    </ManagedProperty>
    
    <ManagedProperty Name="EFProductMultiRefOWSTEXT" Type="Text" Searchable="Yes" Queryable="Yes" Retrievabale="Yes" Multiple="Yes" Refinable="Yes" Sortable="Yes" >
      <CrawledProperty Category="SharePoint">ows_q_TEXT_EFProduct</CrawledProperty>
    </ManagedProperty>
    <ManagedProperty Name="EFUnderwriterMultiRefOWSUSER" Type="Text" Searchable="Yes" Queryable="Yes" Retrievabale="Yes" Multiple="Yes" Refinable="Yes" Sortable="Yes" >
      <CrawledProperty Category="SharePoint">ows_q_USER_EFUnderwriter</CrawledProperty>
    </ManagedProperty>
    <ManagedProperty Name="EFUnderwritingAssistantMultiRefOWSUSER" Type="Text" Searchable="Yes" Queryable="Yes" Retrievabale="Yes" Multiple="Yes" Refinable="Yes" Sortable="Yes" >
      <CrawledProperty Category="SharePoint">ows_q_USER_EFUnderwritingAssistant</CrawledProperty>
    </ManagedProperty>
    <ManagedProperty Name="EFMasterStatusMultiRefOWSTEXT" Type="Text" Searchable="Yes" Queryable="Yes" Retrievabale="Yes" Multiple="Yes" Refinable="Yes" Sortable="Yes" >
      <CrawledProperty Category="SharePoint">ows_q_TEXT_EFMasterStatus</CrawledProperty>
    </ManagedProperty>
    <ManagedProperty Name="EFUWStageMultiRefOWSCHCS" Type="Text" Searchable="Yes" Queryable="Yes" Retrievabale="Yes" Multiple="Yes" Refinable="Yes" Sortable="Yes" >
      <CrawledProperty Category="SharePoint">ows_q_CHCS_EFUWStage</CrawledProperty>
    </ManagedProperty>
    <ManagedProperty Name="EFUnderwriterOWSTEXT" Type="Text" Searchable="Yes" Queryable="Yes" Retrievabale="Yes" Multiple="Yes" Refinable="Yes" Sortable="Yes" >
      <CrawledProperty Category="SharePoint">ows_EFUnderwriter</CrawledProperty>
    </ManagedProperty>
    <ManagedProperty Name="EFUnderwriterMultiRefOWSTEXT" Type="Text" Searchable="Yes" Queryable="Yes" Retrievabale="Yes" Multiple="Yes" Refinable="Yes" Sortable="Yes" >
      <CrawledProperty Category="SharePoint">ows_EFUnderwriter</CrawledProperty>
    </ManagedProperty>
    <ManagedProperty Name="EFUnderwritingAssistantOWSTEXT" Type="Text" Searchable="Yes" Queryable="Yes" Retrievabale="Yes" Multiple="Yes" Refinable="Yes" Sortable="Yes" >
      <CrawledProperty Category="SharePoint">ows_EFUnderwritingAssistant</CrawledProperty>
    </ManagedProperty>
    <ManagedProperty Name="EFUnderwritingAssistantMultiRefOWSTEXT" Type="Text" Searchable="Yes" Queryable="Yes" Retrievabale="Yes" Multiple="Yes" Refinable="Yes" Sortable="Yes" >
      <CrawledProperty Category="SharePoint">ows_EFUnderwritingAssistant</CrawledProperty>
    </ManagedProperty>
    <ManagedProperty Name="EFQuoteNumberMultiRefOWSTEXT" Type="Text" Searchable="Yes" Queryable="Yes" Retrievabale="Yes" Multiple="Yes" Refinable="Yes" Sortable="Yes" >
      <CrawledProperty Category="SharePoint">ows_q_TEXT_EFQuoteNumber</CrawledProperty>
    </ManagedProperty>
    <ManagedProperty Name="EFBatchNumberMultiRefOWSTEXT" Type="Text" Searchable="Yes" Queryable="Yes" Retrievabale="Yes" Multiple="Yes" Refinable="Yes" Sortable="Yes" >
      <CrawledProperty Category="SharePoint">ows_q_TEXT_EFBatchNumber</CrawledProperty>
    </ManagedProperty>
    <ManagedProperty Name="EFCaseIdMultiRefOWSTEXT" Type="Text" Searchable="Yes" Queryable="Yes" Retrievabale="Yes" Multiple="Yes" Refinable="Yes" Sortable="Yes" >
      <CrawledProperty Category="SharePoint">ows_q_TEXT_EFCaseId</CrawledProperty>
    </ManagedProperty>
    <ManagedProperty Name="EFSMNameMultiRefOWSTEXT" Type="Text" Searchable="Yes" Queryable="Yes" Retrievabale="Yes" Multiple="Yes" Refinable="Yes" Sortable="Yes" >
      <CrawledProperty Category="SharePoint">ows_q_TEXT_EFSMName</CrawledProperty>
    </ManagedProperty>
    <ManagedProperty Name="EFSMCodeMultiRefOWSTEXT" Type="Text" Searchable="Yes" Queryable="Yes" Retrievabale="Yes" Multiple="Yes" Refinable="Yes" Sortable="Yes" >
      <CrawledProperty Category="SharePoint">ows_q_TEXT_EFSMCode</CrawledProperty>
    </ManagedProperty>
    <ManagedProperty Name="EFIntermediaryNameMultiRefOWSTEXT" Type="Text" Searchable="Yes" Queryable="Yes" Retrievabale="Yes" Multiple="Yes" Refinable="Yes" Sortable="Yes" >
      <CrawledProperty Category="SharePoint">ows_q_TEXT_EFIntermediaryName</CrawledProperty>
    </ManagedProperty>
    <ManagedProperty Name="EFIntermediaryCodeMultiRefOWSTEXT" Type="Text" Searchable="Yes" Queryable="Yes" Retrievabale="Yes" Multiple="Yes" Refinable="Yes" Sortable="Yes" >
      <CrawledProperty Category="SharePoint">ows_q_TEXT_EFIntermediaryCode</CrawledProperty>
    </ManagedProperty>
    <ManagedProperty Name="EFSpotlightUsersOWSUSER" Type="Text" Searchable="Yes" Queryable="Yes" Retrievabale="Yes" Multiple="Yes" Refinable="Yes" Sortable="Yes" >
      <CrawledProperty Category="SharePoint">ows_q_USER_EFSpotlightUsers</CrawledProperty>
      <CrawledProperty Category="SharePoint">ows_q_TEXT_EFSpotlightUsers</CrawledProperty>
    </ManagedProperty> 
  </ManagedProperties>
</SearchProperties>