﻿<?xml version="1.0" encoding="utf-8"?>
<Elements xmlns="http://schemas.microsoft.com/sharepoint/">
  <Module Name="MasterPageGallery"  Url="_catalogs/masterpage">
    <File Path="MasterPageGallery\lmgs_base.master" Url="lmgs_base.master" Type="GhostableInLibrary" Level="Published" ReplaceContent="TRUE" IgnoreIfAlreadyExists="FALSE">
      <Property Name="Title" Value="lmgs_base" />
      <Property Name="UIVersion" Value="15" />
      <Property Name="MasterPageDescription" Value="" />
      <Property Name="ContentType" Value="$Resources:cmscore,contenttype_masterpage_name;" />
    </File>
  </Module>
</Elements>