﻿<?xml version="1.0" encoding="utf-8"?>
<Elements xmlns="http://schemas.microsoft.com/sharepoint/">
  <Module Name="DisplayTemplates" Url="_catalogs/masterpage/Display Templates">
    <File Path="DisplayTemplates\Content Web Parts\HomeAllEfile_Control.html" Url="Content Web Parts/HomeAllEfile_Control.html" ReplaceContent="true" Level="Draft" Type="GhostableInLibrary" />
    <File Path="DisplayTemplates\Content Web Parts\HomeAllEfile_Item.html" Url="Content Web Parts/HomeAllEfile_Item.html" ReplaceContent="true" Level="Draft" Type="GhostableInLibrary" />
    <File Path="DisplayTemplates\Content Web Parts\HomeRecent_Control.html" Url="Content Web Parts/HomeRecent_Control.html" ReplaceContent="true" Level="Draft" Type="GhostableInLibrary" />
    <File Path="DisplayTemplates\Content Web Parts\HomeRecent_Item.html" Url="Content Web Parts/HomeRecent_Item.html" ReplaceContent="true" Level="Draft" Type="GhostableInLibrary" />
    <File Path="DisplayTemplates\Content Web Parts\HomeEfile_Control.html" Url="Content Web Parts/HomeEfile_Control.html" ReplaceContent="true" Level="Draft" Type="GhostableInLibrary" />
    <File Path="DisplayTemplates\Content Web Parts\HomeEfile_Item.html" Url="Content Web Parts/HomeEfile_Item.html"  ReplaceContent="true" Level="Draft" Type="GhostableInLibrary" />
    <File Path="DisplayTemplates\Content Web Parts\InsuredItem.html" Url="Content Web Parts/InsuredItem.html"   ReplaceContent="true" Level="Draft" Type="GhostableInLibrary"/>
    <File Path="DisplayTemplates\Content Web Parts\InsuredControl.html" Url="Content Web Parts/InsuredControl.html"  ReplaceContent="true" Level="Draft" Type="GhostableInLibrary" />
    <File Path="DisplayTemplates\Search\Item_Details.html" Url="Search/Item_Details.html" ReplaceContent="true" Level="Draft" Type="GhostableInLibrary" />
    <File Path="DisplayTemplates\Filters\LM_List_Filter_Body.html" Url="Filters/LM_List_Filter_Body.html" ReplaceContent="true" Level="Draft" Type="GhostableInLibrary"  />
    <File Path="DisplayTemplates\Filters\Control_ListVertical.html" Url="Filters/Control_ListVertical.html" ReplaceContent="true" Level="Draft" Type="GhostableInLibrary" />
    <File Path="DisplayTemplates\Search\Insured.html" Url="Search/Insured.html" ReplaceContent="true" Level="Draft" Type="GhostableInLibrary"  />
    <File Path="DisplayTemplates\Filters\LM_List_Filter.html" Url="Filters/LM_List_Filter.html" ReplaceContent="true" Level="Draft" Type="GhostableInLibrary" />
    <File Path="DisplayTemplates\Content Web Parts\eFileDocumentsControl.html" Url="Content Web Parts/eFileDocumentsControl.html" ReplaceContent="true" Level="Draft" Type="GhostableInLibrary"  />
    <File Path="DisplayTemplates\Content Web Parts\eFileDocumentsItem.html" Url="Content Web Parts/eFileDocumentsItem.html"  ReplaceContent="true" Level="Draft" Type="GhostableInLibrary" />
    <File Path="DisplayTemplates\Content Web Parts\Policy_ItemTemplate.html" Url="Content Web Parts/Policy_ItemTemplate.html" ReplaceContent="true" Level="Draft" Type="GhostableInLibrary"  />
    <File Path="DisplayTemplates\Content Web Parts\PolicyControl_search.html" Url="Content Web Parts/PolicyControl_search.html" ReplaceContent="true" Level="Draft" Type="GhostableInLibrary"  />
    <File Path="DisplayTemplates\Filters\Workbench_Filter_MultiValue.html" Url="Filters/Workbench_Filter_MultiValue.html" ReplaceContent="true" Level="Draft" Type="GhostableInLibrary"  />
    <File Path="DisplayTemplates\Filters\Workbench_Filter_MultiValue_Body.html" Url="Filters/Workbench_Filter_MultiValue_Body.html" ReplaceContent="true" Level="Draft" Type="GhostableInLibrary"  />
    <File Path="DisplayTemplates\Content Web Parts\PolicyLegacyControl.html" Url="Content Web Parts/PolicyLegacyControl.html" ReplaceContent="true" Level="Draft" Type="GhostableInLibrary" />
    <File Path="DisplayTemplates\Content Web Parts\PolicyLegacyItem.html" Url="Content Web Parts/PolicyLegacyItem.html" ReplaceContent="true" Level="Draft" Type="GhostableInLibrary"/>
    <File Path="DisplayTemplates\Content Web Parts\Control_List.html" Url="Content Web Parts/Control_List.html" ReplaceContent="true" Level="Draft" Type="GhostableInLibrary" />
    <File Path="DisplayTemplates\Content Web Parts\InsuredValue_Item.html" Url="Content Web Parts/InsuredValue_Item.html" ReplaceContent="true" Level="Draft" Type="GhostableInLibrary" />
    <File Path="DisplayTemplates\Filters\Date_Range_Filter.html" Url="Filters/Date_Range_Filter.html" ReplaceContent="true" Level="Draft" Type="GhostableInLibrary" />
  </Module>
</Elements>
